MSSubClass,MSZoning,LotArea,LotConfig,BldgType,OverallCond,YearBuilt,YearRemodAdd,Exterior1st,BsmtFinSF2,TotalBsmtSF,SalePrice
60,RL,8450,Inside,1Fam,5,2003,2003,VinylSd,0.0,856.0,208500.0
20,RL,9600,FR2,1Fam,8,1976,1976,MetalSd,0.0,1262.0,181500.0
60,RL,11250,Inside,1Fam,5,2001,2002,VinylSd,0.0,920.0,223500.0
70,RL,9550,Corner,1Fam,5,1915,1970,Wd Sdng,0.0,756.0,140000.0
60,RL,14260,FR2,1Fam,5,2000,2000,VinylSd,0.0,1145.0,250000.0
50,RL,14115,Inside,1Fam,5,1993,1995,VinylSd,0.0,796.0,143000.0
20,RL,10084,Inside,1Fam,5,2004,2005,VinylSd,0.0,1686.0,307000.0
60,RL,10382,Corner,1Fam,6,1973,1973,HdBoard,32.0,1107.0,200000.0
50,RM,6120,Inside,1Fam,5,1931,1950,BrkFace,0.0,952.0,129900.0
190,RL,7420,Corner,2fmCon,6,1939,1950,MetalSd,0.0,991.0,118000.0
20,RL,11200,Inside,1Fam,5,1965,1965,HdBoard,0.0,1040.0,129500.0
60,RL,11924,Inside,1Fam,5,2005,2006,WdShing,0.0,1175.0,345000.0
20,RL,12968,Inside,1Fam,6,1962,1962,HdBoard,0.0,912.0,144000.0
20,RL,10652,Inside,1Fam,5,2006,2007,VinylSd,0.0,1494.0,279500.0
20,RL,10920,Corner,1Fam,5,1960,1960,MetalSd,0.0,1253.0,157000.0
45,RM,6120,Corner,1Fam,8,1929,2001,Wd Sdng,0.0,832.0,132000.0
20,RL,11241,CulDSac,1Fam,7,1970,1970,Wd Sdng,0.0,1004.0,149000.0
90,RL,10791,Inside,Duplex,5,1967,1967,MetalSd,0.0,0.0,90000.0
20,RL,13695,Inside,1Fam,5,2004,2004,VinylSd,0.0,1114.0,159000.0
20,RL,7560,Inside,1Fam,6,1958,1965,BrkFace,0.0,1029.0,139000.0
60,RL,14215,Corner,1Fam,5,2005,2006,VinylSd,0.0,1158.0,325300.0
45,RM,7449,Inside,1Fam,7,1930,1950,Wd Sdng,0.0,637.0,139400.0
20,RL,9742,Inside,1Fam,5,2002,2002,VinylSd,0.0,1777.0,230000.0
120,RM,4224,Inside,TwnhsE,7,1976,1976,CemntBd,0.0,1040.0,129900.0
20,RL,8246,Inside,1Fam,8,1968,2001,Plywood,668.0,1060.0,154000.0
20,RL,14230,Corner,1Fam,5,2007,2007,VinylSd,0.0,1566.0,256300.0
20,RL,7200,Corner,1Fam,7,1951,2000,Wd Sdng,486.0,900.0,134800.0
20,RL,11478,Inside,1Fam,5,2007,2008,VinylSd,0.0,1704.0,306000.0
20,RL,16321,CulDSac,1Fam,6,1957,1997,MetalSd,0.0,1484.0,207500.0
30,RM,6324,Inside,1Fam,6,1927,1950,MetalSd,0.0,520.0,68500.0
70,C (all),8500,Inside,1Fam,4,1920,1950,BrkFace,0.0,649.0,40000.0
20,RL,8544,CulDSac,1Fam,6,1966,2006,HdBoard,0.0,1228.0,149350.0
20,RL,11049,Corner,1Fam,5,2007,2007,VinylSd,0.0,1234.0,179900.0
20,RL,10552,Inside,1Fam,5,1959,1959,BrkFace,0.0,1398.0,165500.0
120,RL,7313,Inside,TwnhsE,5,2005,2005,MetalSd,0.0,1561.0,277500.0
60,RL,13418,Inside,1Fam,5,2004,2005,VinylSd,0.0,1117.0,309000.0
20,RL,10859,Corner,1Fam,5,1994,1995,VinylSd,0.0,1097.0,145000.0
20,RL,8532,Inside,1Fam,6,1954,1990,Wd Sdng,0.0,1297.0,153000.0
20,RL,7922,Inside,1Fam,7,1953,2007,VinylSd,0.0,1057.0,109000.0
90,RL,6040,Inside,Duplex,5,1955,1955,AsbShng,0.0,0.0,82000.0
20,RL,8658,Inside,1Fam,5,1965,1965,Wd Sdng,0.0,1088.0,160000.0
20,RL,16905,Inside,1Fam,6,1959,1959,VinylSd,0.0,1350.0,170000.0
85,RL,9180,CulDSac,1Fam,7,1983,1983,HdBoard,93.0,840.0,144000.0
20,RL,9200,CulDSac,1Fam,6,1975,1980,VinylSd,491.0,938.0,130250.0
20,RL,7945,Inside,1Fam,6,1959,1959,BrkFace,506.0,1150.0,141000.0
120,RL,7658,Inside,TwnhsE,5,2005,2005,MetalSd,0.0,1752.0,319900.0
50,RL,12822,CulDSac,1Fam,5,2003,2003,VinylSd,0.0,1434.0,239686.0
20,FV,11096,Inside,1Fam,5,2006,2006,VinylSd,0.0,1656.0,249700.0
190,RM,4456,Inside,2fmCon,5,1920,2008,MetalSd,0.0,736.0,113000.0
20,RL,7742,Inside,1Fam,7,1966,1966,HdBoard,0.0,955.0,127000.0
60,RL,13869,Corner,1Fam,6,1997,1997,VinylSd,0.0,794.0,177000.0
50,RM,6240,Inside,1Fam,6,1934,1950,Wd Sdng,0.0,816.0,114500.0
90,RM,8472,Corner,Duplex,5,1963,1963,Wd Sdng,712.0,816.0,110000.0
20,RL,50271,Inside,1Fam,5,1981,1987,WdShing,0.0,1842.0,385000.0
80,RL,7134,Inside,1Fam,5,1955,1955,MetalSd,0.0,384.0,130000.0
20,RL,10175,Inside,1Fam,5,1964,1964,HdBoard,0.0,1425.0,180500.0
160,FV,2645,Inside,Twnhs,5,1999,2000,MetalSd,0.0,970.0,172500.0
60,RL,11645,Corner,1Fam,5,2004,2004,VinylSd,0.0,860.0,196500.0
60,RL,13682,CulDSac,1Fam,5,2006,2006,VinylSd,0.0,1410.0,438780.0
20,RL,7200,Inside,1Fam,7,1972,1972,HdBoard,0.0,780.0,124900.0
20,RL,13072,Inside,1Fam,5,2004,2004,VinylSd,0.0,1158.0,158000.0
75,RM,7200,Inside,1Fam,7,1920,1996,MetalSd,0.0,530.0,101000.0
120,RL,6442,Inside,TwnhsE,5,2006,2006,VinylSd,0.0,1370.0,202500.0
70,RM,10300,Inside,1Fam,6,1921,1950,Stucco,0.0,576.0,140000.0
60,RL,9375,Inside,1Fam,5,1997,1998,VinylSd,0.0,1057.0,219500.0
60,RL,9591,Inside,1Fam,5,2004,2005,VinylSd,0.0,1143.0,317000.0
20,RL,19900,Inside,1Fam,5,1970,1989,Plywood,0.0,1947.0,180000.0
20,RL,10665,Inside,1Fam,5,2003,2003,VinylSd,0.0,1453.0,226000.0
30,RM,4608,Corner,1Fam,6,1945,1950,MetalSd,0.0,747.0,80000.0
50,RL,15593,Corner,1Fam,4,1953,1953,BrkFace,0.0,1304.0,225000.0
20,RL,13651,Inside,1Fam,6,1973,1973,Plywood,0.0,2223.0,244000.0
20,RL,7599,Corner,1Fam,6,1982,2006,HdBoard,0.0,845.0,129500.0
60,RL,10141,Corner,1Fam,5,1998,1998,VinylSd,0.0,832.0,185000.0
20,RL,10200,Inside,1Fam,7,1954,2003,Wd Sdng,362.0,1086.0,144900.0
50,RM,5790,Corner,1Fam,6,1915,1950,VinylSd,0.0,840.0,107400.0
180,RM,1596,Inside,Twnhs,5,1973,1973,CemntBd,0.0,462.0,91000.0
20,RL,8475,Inside,1Fam,7,1956,1956,VinylSd,0.0,952.0,135750.0
50,RM,8635,Inside,1Fam,5,1948,2001,Wd Sdng,41.0,672.0,127000.0
90,RL,10778,Inside,Duplex,5,1968,1968,HdBoard,0.0,1768.0,136500.0
50,RM,10440,Corner,1Fam,6,1910,1981,Wd Sdng,0.0,440.0,110000.0
60,RL,13000,Corner,1Fam,6,1968,1968,VinylSd,0.0,896.0,193500.0
120,RM,4500,FR2,TwnhsE,5,1998,1998,VinylSd,0.0,1237.0,153500.0
20,RL,10206,Inside,1Fam,5,2007,2007,VinylSd,0.0,1563.0,245000.0
20,RL,8892,Inside,1Fam,5,1960,1960,MetalSd,0.0,1065.0,126500.0
80,RL,8530,Inside,1Fam,5,1995,1996,HdBoard,0.0,384.0,168500.0
60,RL,16059,Corner,1Fam,5,1991,1992,HdBoard,0.0,1288.0,260000.0
60,RL,11911,Inside,1Fam,5,2005,2005,VinylSd,0.0,684.0,174000.0
160,FV,3951,Corner,TwnhsE,5,2009,2009,VinylSd,0.0,612.0,164500.0
50,C (all),8470,Corner,1Fam,2,1915,1982,Plywood,0.0,1013.0,85000.0
20,RL,8070,Inside,1Fam,5,1994,1995,VinylSd,0.0,990.0,123600.0
20,RL,7200,Inside,1Fam,5,1950,1950,BrkFace,0.0,0.0,109900.0
20,RL,8500,Inside,1Fam,3,1961,1961,HdBoard,0.0,1235.0,98600.0
30,RL,13360,Inside,1Fam,7,1921,2006,Wd Sdng,0.0,876.0,163500.0
190,C (all),7200,Corner,2fmCon,6,1910,1998,MetalSd,0.0,1214.0,133900.0
60,RL,9337,Inside,1Fam,5,1997,1997,VinylSd,0.0,824.0,204750.0
60,RL,9765,Corner,1Fam,8,1993,1993,VinylSd,0.0,680.0,185000.0
20,RL,10264,Inside,1Fam,5,1999,1999,VinylSd,0.0,1588.0,214000.0
20,RL,10921,Inside,1Fam,5,1965,1965,HdBoard,0.0,960.0,94750.0
30,RL,10625,Corner,1Fam,5,1920,1950,Wd Sdng,0.0,458.0,83000.0
20,RL,9320,Inside,1Fam,5,1959,1959,Plywood,0.0,950.0,128950.0
20,RL,10603,Inside,1Fam,7,1977,2001,Plywood,0.0,1610.0,205000.0
60,RL,9206,Inside,1Fam,5,1985,1985,HdBoard,0.0,741.0,178000.0
90,RL,7018,Inside,Duplex,5,1979,1979,HdBoard,0.0,0.0,118964.0
20,RL,10402,Corner,1Fam,5,2009,2009,VinylSd,0.0,1226.0,198900.0
50,RM,7758,Corner,1Fam,4,1931,1950,Stucco,0.0,1040.0,169500.0
60,FV,9375,Inside,1Fam,5,2003,2004,VinylSd,0.0,1053.0,250000.0
30,RM,10800,Inside,1Fam,7,1885,1995,VinylSd,0.0,641.0,100000.0
20,RM,6000,Inside,1Fam,5,1948,1950,VinylSd,169.0,789.0,115000.0
50,RM,8500,Corner,1Fam,7,1919,2005,CemntBd,0.0,793.0,115000.0
20,RL,11751,Inside,1Fam,6,1977,1977,Plywood,0.0,1844.0,190000.0
50,RL,9525,Inside,1Fam,4,1954,1972,Wd Sdng,0.0,994.0,136900.0
80,RL,7750,Inside,1Fam,5,2000,2000,VinylSd,0.0,384.0,180000.0
60,RL,9965,Inside,1Fam,5,2007,2007,VinylSd,0.0,1264.0,383970.0
20,RL,21000,Corner,1Fam,5,1953,1953,Wd Sdng,869.0,1809.0,217000.0
70,RL,7259,Inside,1Fam,8,1945,2002,Wd Sdng,150.0,1028.0,259500.0
160,FV,3230,Corner,TwnhsE,5,1999,1999,MetalSd,0.0,729.0,176000.0
20,RL,11616,Inside,1Fam,5,1962,1962,Wd Sdng,670.0,1092.0,139000.0
20,RL,8536,Corner,1Fam,5,2006,2007,VinylSd,0.0,1125.0,155000.0
60,RL,12376,Corner,1Fam,5,1990,1990,Plywood,0.0,1673.0,320000.0
60,RL,8461,Inside,1Fam,5,2005,2006,VinylSd,0.0,728.0,163990.0
80,RL,21453,CulDSac,1Fam,5,1969,1969,Plywood,0.0,938.0,180000.0
50,RM,6060,Inside,1Fam,5,1939,1950,AsbShng,0.0,732.0,100000.0
20,RL,9464,Corner,1Fam,7,1958,1958,MetalSd,0.0,1080.0,136000.0
120,RL,7892,Inside,TwnhsE,5,1993,1993,Plywood,0.0,1199.0,153900.0
20,RL,17043,CulDSac,1Fam,5,1979,1998,HdBoard,0.0,1362.0,181000.0
190,RM,6780,Inside,2fmCon,8,1935,1982,Wd Sdng,0.0,520.0,84500.0
120,RL,4928,Inside,TwnhsE,5,1976,1976,Plywood,0.0,1078.0,128000.0
45,RM,4388,Inside,1Fam,7,1930,1950,WdShing,0.0,672.0,87000.0
60,RL,7590,Inside,1Fam,5,1966,1966,VinylSd,0.0,660.0,155000.0
20,RL,8973,Inside,1Fam,7,1958,1991,Plywood,28.0,1008.0,150000.0
60,RL,14200,Corner,1Fam,6,1966,1966,MetalSd,0.0,924.0,226000.0
60,RL,12224,Corner,1Fam,5,2000,2000,VinylSd,0.0,992.0,244000.0
20,RL,7388,Corner,1Fam,6,1959,2002,MetalSd,0.0,1063.0,150750.0
20,RL,6853,Inside,1Fam,5,2001,2002,VinylSd,0.0,1267.0,220000.0
20,RL,10335,Inside,1Fam,6,1968,1993,Plywood,0.0,1461.0,180000.0
20,RL,10400,Inside,1Fam,6,1970,1970,Plywood,0.0,1304.0,174000.0
20,RL,10355,Corner,1Fam,5,1967,1967,MetalSd,0.0,1214.0,143000.0
90,RL,11070,Inside,Duplex,5,1988,1989,VinylSd,0.0,1907.0,171000.0
60,RL,9066,Inside,1Fam,5,1999,2000,VinylSd,0.0,1004.0,230000.0
60,RL,15426,Inside,1Fam,5,1997,1997,VinylSd,0.0,928.0,231500.0
20,RL,10500,FR2,1Fam,5,1971,1971,HdBoard,0.0,864.0,115000.0
20,RL,11645,Inside,1Fam,5,2005,2005,VinylSd,0.0,1734.0,260000.0
50,RL,8520,Corner,1Fam,4,1952,1952,BrkFace,0.0,910.0,166000.0
20,RL,10335,Inside,1Fam,5,1999,1999,VinylSd,0.0,1490.0,204000.0
90,RM,9100,Inside,Duplex,5,1963,1963,HdBoard,0.0,1728.0,125000.0
160,RM,2522,Inside,Twnhs,5,2004,2006,VinylSd,0.0,970.0,130000.0
30,RM,6120,Corner,1Fam,7,1931,1993,Wd Sdng,0.0,715.0,105000.0
60,RL,9505,CulDSac,1Fam,5,2001,2001,VinylSd,0.0,884.0,222500.0
20,RL,7500,Inside,1Fam,5,2004,2005,VinylSd,0.0,1080.0,141000.0
50,RM,6240,Inside,1Fam,4,1936,1950,MetalSd,0.0,896.0,115000.0
20,RL,10356,Corner,1Fam,6,1975,1975,HdBoard,0.0,969.0,122000.0
20,RL,13891,Inside,1Fam,5,2007,2008,VinylSd,0.0,1710.0,372402.0
60,RL,14803,CulDSac,1Fam,5,1971,1971,HdBoard,0.0,825.0,190000.0
20,RL,13500,Inside,1Fam,7,1960,1975,BrkFace,1080.0,1602.0,235000.0
30,RM,11340,Corner,1Fam,5,1923,1950,Wd Sdng,0.0,1200.0,125000.0
50,RL,9600,Corner,1Fam,5,1924,1950,Wd Sdng,0.0,572.0,79000.0
20,RL,7200,Inside,1Fam,7,1950,1950,Wd Sdng,0.0,0.0,109500.0
60,RL,12003,Corner,1Fam,5,2009,2010,VinylSd,0.0,774.0,269500.0
60,FV,12552,Corner,1Fam,5,2004,2005,VinylSd,0.0,991.0,254900.0
60,RL,19378,Corner,1Fam,5,2005,2006,VinylSd,0.0,1392.0,320000.0
20,RL,11120,CulDSac,1Fam,6,1984,1984,Plywood,0.0,1232.0,162500.0
60,RL,13688,Inside,1Fam,5,2003,2004,VinylSd,0.0,1572.0,412500.0
20,RL,12182,Corner,1Fam,5,2005,2005,VinylSd,0.0,1541.0,220000.0
45,RL,5500,Inside,1Fam,6,1956,1956,MetalSd,0.0,882.0,103200.0
40,RM,5400,Corner,1Fam,7,1926,2004,MetalSd,0.0,1149.0,152000.0
190,RL,10106,Inside,2fmCon,7,1940,1999,Wd Sdng,181.0,644.0,127500.0
20,RL,10708,Inside,1Fam,5,1955,1993,Wd Sdng,768.0,1617.0,190000.0
60,RL,10562,Inside,1Fam,5,2007,2007,VinylSd,0.0,1582.0,325624.0
60,RL,8244,Inside,1Fam,5,2004,2004,VinylSd,0.0,840.0,183500.0
20,RL,16669,Corner,1Fam,6,1981,1981,Plywood,0.0,1686.0,228000.0
50,RM,12358,Inside,1Fam,6,1941,1950,MetalSd,0.0,720.0,128500.0
20,RL,31770,Corner,1Fam,5,1960,1960,BrkFace,0.0,1080.0,215000.0
160,RL,5306,Inside,TwnhsE,7,1987,1987,HdBoard,215.0,1064.0,239000.0
20,RL,10197,Inside,1Fam,5,1961,1961,WdShing,374.0,1362.0,163000.0
20,RL,12416,Inside,1Fam,5,1986,1986,VinylSd,208.0,1606.0,184000.0
20,RL,12615,Corner,1Fam,7,1950,2001,WdShing,0.0,1202.0,243000.0
60,RL,10029,Corner,1Fam,5,1988,1989,Plywood,0.0,1151.0,211000.0
50,RL,13650,Inside,1Fam,5,1958,1958,MetalSd,441.0,1052.0,172500.0
30,RM,8520,Inside,1Fam,6,1923,2006,Wd Sdng,0.0,968.0,100000.0
160,FV,2117,Inside,Twnhs,5,2000,2000,MetalSd,0.0,756.0,177000.0
70,RL,7588,Inside,1Fam,6,1920,1950,Stucco,0.0,793.0,200100.0
20,RL,9060,Inside,1Fam,6,1957,2006,Wd Sdng,0.0,0.0,120000.0
50,RM,11426,Inside,1Fam,5,2003,2003,VinylSd,0.0,1362.0,200000.0
50,RL,7438,Inside,1Fam,8,1908,1991,AsbShng,0.0,504.0,127000.0
75,RM,22950,Inside,1Fam,9,1892,1993,Wd Sdng,0.0,1107.0,475000.0
80,RL,9947,CulDSac,1Fam,5,1990,1991,HdBoard,0.0,1188.0,173000.0
50,RL,10410,Inside,1Fam,7,1916,1987,HdBoard,0.0,660.0,135000.0
90,RL,7018,Inside,Duplex,5,1979,1979,Plywood,0.0,1086.0,153337.0
120,RL,4923,Inside,TwnhsE,5,2001,2002,CemntBd,0.0,1593.0,286000.0
70,RL,10570,Inside,1Fam,8,1932,1994,BrkFace,0.0,853.0,315000.0
60,RL,7472,CulDSac,1Fam,9,1972,2004,HdBoard,0.0,725.0,184000.0
20,RL,9017,Inside,1Fam,5,1999,1999,VinylSd,0.0,1431.0,192000.0
160,RM,2522,Inside,Twnhs,5,2004,2004,VinylSd,0.0,970.0,130000.0
20,RL,7180,Inside,1Fam,7,1972,1972,HdBoard,0.0,864.0,127000.0
160,RL,2280,FR2,Twnhs,6,1976,1976,Plywood,0.0,855.0,148500.0
20,RL,9416,Inside,1Fam,5,2007,2007,CemntBd,0.0,1726.0,311872.0
75,RL,25419,Corner,1Fam,4,1918,1990,Stucco,184.0,1360.0,235000.0
75,RM,5520,Corner,1Fam,6,1912,1950,Wd Sdng,0.0,755.0,104000.0
20,RL,9591,Inside,1Fam,5,2004,2005,VinylSd,0.0,1713.0,274900.0
20,RM,8546,Corner,1Fam,5,2003,2004,VinylSd,0.0,1121.0,140000.0
20,RL,10125,Inside,1Fam,6,1977,1977,Plywood,279.0,1196.0,171500.0
50,RL,7000,Corner,1Fam,6,1924,1950,MetalSd,0.0,617.0,112000.0
120,RM,4438,Inside,TwnhsE,5,2004,2004,VinylSd,0.0,848.0,149000.0
50,RM,3500,Inside,1Fam,7,1947,1950,AsbShng,0.0,720.0,110000.0
20,RL,11851,Corner,1Fam,5,1990,1990,HdBoard,0.0,1424.0,180500.0
20,RL,13673,CulDSac,1Fam,5,1962,1962,HdBoard,0.0,1140.0,143900.0
20,RL,12493,Inside,1Fam,5,1960,1960,Wd Sdng,306.0,1100.0,141000.0
60,RL,14364,Inside,1Fam,5,1988,1989,Plywood,0.0,1157.0,277000.0
20,RL,8250,Inside,1Fam,7,1964,1964,HdBoard,0.0,1092.0,145000.0
30,RL,5604,Inside,1Fam,6,1925,1950,Stucco,0.0,864.0,98000.0
20,RL,10420,Corner,1Fam,5,2009,2009,VinylSd,0.0,1212.0,186000.0
60,FV,8640,Inside,1Fam,5,2009,2009,VinylSd,0.0,900.0,252678.0
20,RL,13568,CulDSac,1Fam,5,1995,1995,VinylSd,0.0,990.0,156000.0
60,RL,10900,FR2,1Fam,7,1977,1977,HdBoard,0.0,689.0,161750.0
20,RL,10011,Inside,1Fam,6,1957,1996,HdBoard,0.0,1070.0,134450.0
20,RL,8450,Inside,1Fam,5,2004,2004,VinylSd,0.0,1436.0,210000.0
70,RM,9906,Inside,1Fam,4,1925,1950,MetalSd,0.0,686.0,107000.0
50,RL,15660,Corner,1Fam,9,1939,2006,VinylSd,0.0,798.0,311500.0
120,RL,3010,Inside,TwnhsE,5,2005,2006,VinylSd,0.0,1248.0,167240.0
20,RL,8990,Inside,1Fam,5,2006,2006,VinylSd,0.0,1498.0,204900.0
60,RL,8068,Inside,1Fam,5,2002,2002,VinylSd,0.0,1010.0,200000.0
60,RL,11475,Inside,1Fam,6,1975,1975,VinylSd,0.0,713.0,179900.0
20,RL,10500,FR2,1Fam,6,1971,1971,HdBoard,180.0,864.0,97000.0
20,RL,13472,Inside,1Fam,5,2003,2003,VinylSd,0.0,2392.0,386250.0
160,RM,1680,Inside,Twnhs,5,1971,1971,HdBoard,0.0,630.0,112000.0
60,RL,9950,Inside,1Fam,5,1995,1995,VinylSd,0.0,1203.0,290000.0
160,RM,1869,Inside,Twnhs,6,1970,1970,HdBoard,0.0,483.0,106000.0
20,RL,8521,FR2,1Fam,5,1967,1967,HdBoard,0.0,912.0,125000.0
120,RL,3182,Inside,TwnhsE,5,2005,2006,VinylSd,0.0,1373.0,192500.0
20,RL,8760,Inside,1Fam,6,1959,1959,MetalSd,0.0,1194.0,148000.0
60,RL,15138,Inside,1Fam,5,1995,1996,VinylSd,0.0,1462.0,403000.0
160,RM,1680,Inside,Twnhs,5,1972,1972,HdBoard,0.0,483.0,94500.0
20,RL,10650,Corner,1Fam,6,1976,1976,HdBoard,712.0,894.0,128200.0
60,RL,7851,Inside,1Fam,5,2002,2002,VinylSd,0.0,860.0,216500.0
160,RM,1680,Inside,TwnhsE,3,1971,1971,HdBoard,0.0,483.0,89500.0
20,RL,8773,FR2,1Fam,5,2004,2004,VinylSd,0.0,1414.0,185500.0
60,RL,9453,CulDSac,1Fam,7,1993,2003,HdBoard,0.0,996.0,194500.0
20,RL,12030,Inside,1Fam,5,2007,2007,VinylSd,0.0,1694.0,318000.0
50,RL,8741,Inside,1Fam,4,1945,1950,VinylSd,0.0,735.0,113000.0
20,FV,9000,Inside,1Fam,5,2008,2008,VinylSd,0.0,1566.0,262500.0
30,RM,3880,Inside,1Fam,9,1945,1997,VinylSd,0.0,686.0,110500.0
50,RM,5000,Corner,1Fam,4,1900,1950,Wd Sdng,0.0,540.0,79000.0
160,RL,10762,Corner,TwnhsE,6,1980,1980,Plywood,0.0,626.0,120000.0
60,RL,8880,Inside,1Fam,5,1994,2002,VinylSd,0.0,948.0,205000.0
20,RL,10400,Inside,1Fam,5,1988,1988,Wd Sdng,0.0,1845.0,241500.0
190,RM,9142,Inside,2fmCon,8,1910,1950,AsbShng,0.0,1020.0,137000.0
20,RL,11310,Inside,1Fam,5,1954,1954,Wd Sdng,0.0,1367.0,140000.0
60,RL,11317,Inside,1Fam,5,2003,2003,VinylSd,0.0,840.0,180000.0
50,RL,159000,CulDSac,1Fam,7,1958,2006,Wd Sdng,0.0,1444.0,277000.0
30,RL,5350,Inside,1Fam,2,1940,1966,Wd Sdng,0.0,728.0,76500.0
120,RM,4750,Inside,TwnhsE,5,2006,2007,VinylSd,0.0,1573.0,235000.0
60,RL,8366,Inside,1Fam,5,2004,2004,VinylSd,0.0,798.0,173000.0
80,RL,9350,Inside,1Fam,7,1964,1991,HdBoard,580.0,1302.0,158000.0
20,RL,8400,Inside,1Fam,6,1957,1957,MetalSd,0.0,1314.0,145000.0
60,RL,8738,Inside,1Fam,5,1999,1999,VinylSd,0.0,975.0,230000.0
60,FV,8791,Inside,1Fam,5,2003,2003,VinylSd,0.0,864.0,207500.0
20,RL,8814,Inside,1Fam,5,2006,2006,VinylSd,0.0,1604.0,220000.0
60,RL,12435,Inside,1Fam,5,2001,2001,VinylSd,0.0,963.0,231500.0
20,RM,12702,Inside,1Fam,5,1956,1956,BrkFace,0.0,0.0,97000.0
80,RL,19296,Corner,1Fam,5,1962,1962,Wd Sdng,690.0,1362.0,176000.0
60,RL,9588,Inside,1Fam,5,2007,2007,CemntBd,0.0,1482.0,276000.0
80,RL,8471,Corner,1Fam,7,1977,1995,HdBoard,0.0,506.0,151000.0
50,RM,5500,Corner,1Fam,7,1929,2001,Wd Sdng,692.0,926.0,130000.0
30,RM,5232,Inside,1Fam,5,1925,2004,Wd Sdng,0.0,680.0,73000.0
20,RL,12090,Inside,1Fam,6,1981,1981,MetalSd,228.0,1422.0,175500.0
60,RL,11207,FR2,1Fam,5,1997,1997,VinylSd,0.0,802.0,185000.0
75,RL,8400,Inside,1Fam,8,1939,1997,Wd Sdng,0.0,720.0,179500.0
30,RM,6900,Inside,1Fam,6,1940,1955,VinylSd,125.0,740.0,120500.0
20,RL,7917,Corner,1Fam,7,1976,1976,HdBoard,0.0,1143.0,148000.0
60,FV,10728,Inside,1Fam,5,2006,2006,VinylSd,0.0,1095.0,266000.0
20,RL,39104,CulDSac,1Fam,7,1954,2005,Plywood,1063.0,1385.0,241500.0
60,RL,11764,CulDSac,1Fam,7,1999,2007,VinylSd,0.0,1152.0,290000.0
20,RL,9600,Inside,1Fam,6,1958,1988,Wd Sdng,620.0,1240.0,139000.0
20,RL,8314,Corner,1Fam,7,1982,1982,HdBoard,0.0,816.0,124500.0
50,RL,7264,Inside,1Fam,7,1925,2007,Wd Sdng,0.0,952.0,205000.0
20,RL,9196,Inside,1Fam,5,2003,2003,VinylSd,0.0,1560.0,201000.0
20,RL,19138,Corner,1Fam,5,1951,1951,VinylSd,0.0,864.0,141000.0
20,RL,14450,Inside,1Fam,5,2006,2007,CemntBd,0.0,2121.0,415298.0
60,RL,10005,Inside,1Fam,5,1977,1977,Plywood,0.0,1160.0,192000.0
60,RL,11287,Inside,1Fam,6,1989,1989,Plywood,0.0,807.0,228500.0
20,FV,7200,Inside,1Fam,5,2006,2006,VinylSd,0.0,1262.0,185000.0
120,RL,5063,Inside,Twnhs,5,2007,2008,VinylSd,0.0,1314.0,207500.0
20,RL,9612,Inside,1Fam,5,2008,2009,VinylSd,0.0,1468.0,244600.0
120,RL,8012,Inside,TwnhsE,5,1992,1992,Plywood,0.0,1575.0,179200.0
160,FV,4251,Inside,TwnhsE,5,2006,2007,MetalSd,0.0,625.0,164700.0
50,RL,9786,Inside,1Fam,7,1962,1981,Wd Sdng,0.0,912.0,159000.0
20,RL,8125,Corner,1Fam,4,1971,1971,HdBoard,0.0,858.0,88000.0
20,RL,9819,Inside,1Fam,5,1967,1967,MetalSd,0.0,882.0,122000.0
70,RL,8730,Inside,1Fam,7,1915,2003,Wd Sdng,0.0,698.0,153575.0
60,RL,15611,Inside,1Fam,5,2006,2006,VinylSd,0.0,1079.0,233230.0
190,RL,5687,Inside,2fmCon,6,1912,2000,VinylSd,0.0,780.0,135900.0
50,RL,11409,Inside,1Fam,4,1949,2008,Wd Sdng,0.0,768.0,131000.0
60,RL,16659,Corner,1Fam,7,1977,1994,Plywood,0.0,795.0,235000.0
20,RL,9600,Inside,1Fam,5,1953,1953,HdBoard,0.0,1416.0,167000.0
80,RL,7937,CulDSac,1Fam,6,1984,1984,HdBoard,0.0,1003.0,142500.0
50,RM,13710,Inside,1Fam,5,1950,1950,Wd Sdng,0.0,910.0,152000.0
60,FV,7399,Inside,1Fam,5,1997,1998,VinylSd,0.0,975.0,239000.0
60,RL,11700,Inside,1Fam,6,1968,1968,HdBoard,175.0,702.0,175000.0
20,RL,14000,Inside,1Fam,8,1950,2004,HdBoard,0.0,1092.0,158500.0
190,RL,15750,Corner,2fmCon,5,1953,1953,MetalSd,0.0,1165.0,157000.0
60,RL,16226,Inside,1Fam,5,1998,1999,VinylSd,0.0,1028.0,267000.0
20,RL,13704,Corner,1Fam,5,2001,2002,VinylSd,0.0,1541.0,205000.0
20,RL,9800,Corner,1Fam,7,1972,1972,VinylSd,0.0,894.0,149900.0
75,RM,18386,Inside,1Fam,9,1880,2002,CemntBd,0.0,1470.0,295000.0
20,RL,10386,Inside,1Fam,5,2004,2005,CemntBd,0.0,2000.0,305900.0
60,RL,13474,Inside,1Fam,5,1990,1991,HdBoard,0.0,700.0,225000.0
50,RM,7920,Inside,1Fam,7,1920,1950,MetalSd,0.0,319.0,89500.0
30,RL,12342,Inside,1Fam,5,1940,1950,VinylSd,0.0,861.0,82500.0
20,RL,12378,Inside,1Fam,5,2003,2004,VinylSd,0.0,1896.0,360000.0
60,RL,7685,Inside,1Fam,5,1993,1994,HdBoard,0.0,697.0,165600.0
20,RL,8000,Inside,1Fam,6,1948,2002,VinylSd,0.0,972.0,132000.0
190,RM,7800,Inside,2fmCon,7,1939,1950,MetalSd,0.0,793.0,119900.0
20,RL,215245,Inside,1Fam,5,1965,1965,BrkFace,820.0,2136.0,375000.0
70,RM,9600,Inside,1Fam,7,1925,1990,Wd Sdng,0.0,728.0,178000.0
60,RL,7795,Inside,1Fam,5,2004,2005,VinylSd,0.0,716.0,188500.0
60,RL,13005,Corner,1Fam,7,1980,1980,CemntBd,0.0,845.0,260000.0
60,FV,9000,Inside,1Fam,5,2006,2006,VinylSd,0.0,1088.0,270000.0
60,RL,9900,Inside,1Fam,5,1993,1993,HdBoard,0.0,1347.0,260000.0
80,RL,14115,Inside,1Fam,5,1980,1980,Plywood,0.0,1372.0,187500.0
60,RL,16259,Corner,1Fam,5,2006,2006,VinylSd,0.0,1249.0,342643.0
60,RL,12099,Inside,1Fam,5,2004,2004,VinylSd,0.0,1136.0,354000.0
60,RL,10380,Inside,1Fam,5,1986,1987,Plywood,1474.0,1502.0,301000.0
20,RM,5820,Inside,1Fam,8,1955,2005,VinylSd,0.0,1162.0,126175.0
80,RL,11275,Corner,1Fam,7,1967,2007,Wd Sdng,0.0,710.0,242000.0
45,RM,5000,Inside,1Fam,6,1941,1950,MetalSd,0.0,720.0,87000.0
120,RL,10846,CulDSac,TwnhsE,5,1993,1993,BrkFace,0.0,1719.0,324000.0
20,RL,11600,Inside,1Fam,5,1960,1960,Wd Sdng,0.0,1383.0,145250.0
75,RL,11888,Inside,1Fam,6,1916,1994,Wd Sdng,0.0,844.0,214500.0
70,RM,6402,Corner,1Fam,5,1920,1950,Wd Sdng,0.0,596.0,78000.0
90,RL,10624,Inside,Duplex,4,1964,1964,HdBoard,264.0,1728.0,119000.0
20,RL,8176,Inside,1Fam,6,1958,1992,Wd Sdng,0.0,1056.0,139000.0
20,RL,10655,Inside,1Fam,5,2003,2004,VinylSd,479.0,3206.0,284000.0
120,RM,8198,FR3,TwnhsE,5,2004,2004,VinylSd,0.0,1358.0,207000.0
60,RL,9042,Inside,1Fam,5,1998,1998,VinylSd,0.0,943.0,192000.0
190,RL,164660,Corner,2fmCon,6,1965,1965,Plywood,147.0,1499.0,228950.0
20,RL,14157,Corner,1Fam,5,2005,2006,VinylSd,0.0,1922.0,377426.0
20,RL,9135,Inside,1Fam,5,2002,2003,VinylSd,0.0,1536.0,214000.0
20,RL,14145,Corner,1Fam,7,1984,1998,Wd Sdng,0.0,1208.0,202500.0
20,RL,12400,Inside,1Fam,7,1958,1998,Wd Sdng,0.0,1215.0,155000.0
60,RL,14191,Inside,1Fam,5,2002,2002,VinylSd,0.0,967.0,202900.0
20,RH,8400,Inside,1Fam,4,1950,1950,Wd Sdng,0.0,721.0,82000.0
90,RL,8544,Inside,Duplex,4,1949,1950,Stucco,0.0,0.0,87500.0
120,RL,8849,Inside,TwnhsE,5,2005,2005,MetalSd,0.0,1684.0,266000.0
160,RM,2592,Inside,TwnhsE,3,1976,1976,CemntBd,232.0,536.0,85000.0
50,RL,6435,Inside,1Fam,5,1939,1950,MetalSd,0.0,972.0,140200.0
20,RL,12772,CulDSac,1Fam,8,1960,1998,MetalSd,0.0,958.0,151500.0
20,RL,17600,Inside,1Fam,5,1960,1960,Wd Sdng,0.0,1478.0,157500.0
160,RL,2448,Inside,Twnhs,5,2003,2004,VinylSd,0.0,764.0,154000.0
60,RL,20431,Inside,1Fam,5,2005,2006,CemntBd,0.0,1848.0,437154.0
120,RL,7820,Inside,TwnhsE,5,2007,2007,MetalSd,0.0,1869.0,318061.0
120,RL,5271,Inside,1Fam,5,1986,1986,Wd Sdng,0.0,1453.0,190000.0
50,RL,9084,Inside,1Fam,6,1941,1950,VinylSd,380.0,616.0,95000.0
30,RM,8520,Inside,1Fam,8,1928,2003,VinylSd,0.0,624.0,105900.0
50,RL,8400,Inside,1Fam,5,1940,2000,Wd Sdng,0.0,940.0,140000.0
20,RL,11249,Inside,1Fam,5,1995,1995,VinylSd,544.0,1200.0,177500.0
20,RL,9248,Inside,1Fam,6,1992,1992,HdBoard,0.0,1158.0,173000.0
120,RM,4224,Inside,TwnhsE,5,1976,1976,CemntBd,0.0,1142.0,134000.0
80,RL,6930,Inside,1Fam,4,1958,1958,Wd Sdng,294.0,1062.0,130000.0
60,RL,12011,CulDSac,1Fam,5,1998,1998,VinylSd,0.0,1086.0,280000.0
85,RL,7540,CulDSac,1Fam,6,1978,1978,VinylSd,0.0,888.0,156000.0
50,RL,9144,Inside,1Fam,5,1940,1982,MetalSd,0.0,883.0,145000.0
85,RL,7301,Corner,1Fam,5,2003,2003,HdBoard,0.0,0.0,198500.0
160,RM,1680,Inside,Twnhs,8,1972,2007,HdBoard,0.0,483.0,118000.0
60,RL,18800,FR2,1Fam,5,1976,1976,HdBoard,0.0,796.0,190000.0
70,RM,10690,Inside,1Fam,7,1920,1997,VinylSd,0.0,672.0,147000.0
20,RL,9500,Inside,1Fam,5,1963,1963,Plywood,0.0,1394.0,159000.0
80,RL,9150,Corner,1Fam,5,1962,1962,Plywood,0.0,1099.0,165000.0
20,RL,7800,Inside,1Fam,6,1954,1954,HdBoard,0.0,1268.0,132000.0
20,RL,9830,Corner,1Fam,7,1959,2006,Wd Sdng,258.0,1063.0,162000.0
60,RL,8121,Inside,1Fam,5,2000,2000,VinylSd,0.0,953.0,172400.0
50,RL,17120,Inside,1Fam,4,1959,1959,WdShing,0.0,0.0,134432.0
120,RL,7175,Inside,TwnhsE,5,1984,1984,Plywood,121.0,744.0,125000.0
20,RL,10634,Inside,1Fam,6,1953,1953,MetalSd,180.0,608.0,123000.0
60,RL,8200,Inside,1Fam,5,2003,2004,VinylSd,0.0,847.0,219500.0
30,RL,10020,Inside,1Fam,1,1922,1950,Wd Sdng,0.0,683.0,61000.0
85,RL,8846,CulDSac,1Fam,5,1996,1996,VinylSd,0.0,870.0,148000.0
60,FV,11143,Corner,1Fam,5,2004,2005,CemntBd,0.0,1580.0,340000.0
20,RL,11394,Corner,1Fam,2,2010,2010,VinylSd,0.0,1856.0,394432.0
60,RL,8123,Inside,1Fam,5,2000,2000,VinylSd,0.0,982.0,179000.0
50,RL,5000,Inside,1Fam,6,1924,1950,BrkFace,0.0,1026.0,127000.0
20,FV,7200,Inside,1Fam,5,2006,2006,VinylSd,0.0,1293.0,187750.0
60,RL,9245,Inside,1Fam,5,2006,2006,VinylSd,0.0,939.0,213500.0
45,RH,9000,Corner,1Fam,3,1928,1950,Wd Sdng,0.0,784.0,76000.0
60,RL,53107,Corner,1Fam,5,1992,1992,HdBoard,0.0,1580.0,240000.0
120,RL,3182,Inside,TwnhsE,5,2004,2005,VinylSd,0.0,1256.0,192000.0
50,RL,8410,FR2,1Fam,3,1910,1996,Wd Sdng,0.0,658.0,81000.0
80,RL,7200,Inside,1Fam,6,1976,1976,MetalSd,0.0,1041.0,125000.0
20,RL,9382,CulDSac,1Fam,5,1999,2000,VinylSd,0.0,1468.0,191000.0
60,RL,12474,Inside,1Fam,5,2007,2008,VinylSd,0.0,1682.0,426000.0
50,RL,8405,Inside,1Fam,8,1900,1950,MetalSd,391.0,861.0,119000.0
60,RL,12209,CulDSac,1Fam,5,2001,2002,VinylSd,0.0,804.0,215000.0
20,RL,8339,Inside,1Fam,7,1959,1959,MetalSd,0.0,0.0,106500.0
30,RL,7446,Corner,1Fam,5,1941,1950,WdShing,0.0,788.0,100000.0
50,RL,10134,Inside,1Fam,6,1940,1950,MetalSd,0.0,735.0,109000.0
20,RL,9571,Inside,1Fam,6,1956,1956,Wd Sdng,0.0,1144.0,129000.0
20,RL,7200,Inside,1Fam,5,1972,1972,MetalSd,0.0,894.0,123000.0
60,RL,7590,Inside,1Fam,5,1962,1962,VinylSd,0.0,864.0,169500.0
30,RM,8967,Corner,1Fam,2,1920,1950,MetalSd,0.0,961.0,67000.0
60,FV,8125,Inside,1Fam,5,2006,2007,CemntBd,0.0,1092.0,241000.0
120,RL,14963,Inside,TwnhsE,5,1996,1996,BrkFace,0.0,1260.0,245500.0
20,RL,8767,Inside,1Fam,5,2005,2005,VinylSd,0.0,1310.0,164990.0
30,RL,10200,Inside,1Fam,8,1940,1997,Wd Sdng,0.0,672.0,108000.0
60,RL,12090,Corner,1Fam,5,1998,1998,VinylSd,0.0,1141.0,258000.0
60,RL,10364,Inside,1Fam,5,1995,1996,MetalSd,0.0,806.0,168000.0
20,RL,9991,Corner,1Fam,4,1976,1993,Plywood,0.0,1281.0,150000.0
50,RL,10480,Inside,1Fam,5,1936,1950,MetalSd,0.0,1064.0,115000.0
70,RL,15576,Inside,1Fam,7,1915,1976,Wd Sdng,0.0,840.0,177000.0
60,RL,14154,Corner,1Fam,5,2006,2006,VinylSd,0.0,1063.0,280000.0
60,FV,10800,Inside,1Fam,5,2007,2008,VinylSd,0.0,1034.0,339750.0
20,RL,9571,Inside,1Fam,3,1958,1958,BrkComm,0.0,1276.0,60000.0
190,RL,34650,Inside,2fmCon,5,1955,1955,Wd Sdng,0.0,1056.0,145000.0
20,FV,4403,Inside,1Fam,5,2009,2009,MetalSd,0.0,1470.0,222000.0
30,RM,8960,Inside,1Fam,6,1927,1950,WdShing,0.0,1008.0,115000.0
60,RL,11228,CulDSac,1Fam,5,1993,1993,VinylSd,531.0,1080.0,228000.0
20,RL,8899,Inside,1Fam,5,2007,2007,VinylSd,0.0,1340.0,181134.0
60,RL,7844,Inside,1Fam,7,1978,1978,HdBoard,0.0,672.0,149500.0
70,RL,22420,Inside,1Fam,6,1918,1950,Wd Sdng,0.0,1370.0,239000.0
50,RL,8160,Inside,1Fam,6,1940,1950,MetalSd,0.0,756.0,126000.0
20,RL,8450,Inside,1Fam,6,1968,1968,VinylSd,0.0,1056.0,142000.0
90,RM,7060,Inside,Duplex,5,1997,1998,VinylSd,0.0,1344.0,206300.0
20,RL,16635,FR2,1Fam,7,1977,2000,CemntBd,0.0,1602.0,215000.0
20,RL,21750,Inside,1Fam,5,1954,1954,HdBoard,0.0,988.0,113000.0
60,RL,9200,Inside,1Fam,5,1998,1998,VinylSd,0.0,1470.0,315000.0
20,RL,9000,Inside,1Fam,5,1956,1956,Wd Sdng,0.0,1196.0,139000.0
60,RM,3378,Inside,1Fam,8,1946,1992,HdBoard,0.0,651.0,135000.0
80,RL,12800,Inside,1Fam,5,1989,1989,Wd Sdng,0.0,1518.0,275000.0
20,RL,8593,Inside,1Fam,6,1957,1957,MetalSd,0.0,907.0,109008.0
20,RL,6762,Inside,1Fam,5,2007,2007,VinylSd,0.0,1208.0,195400.0
20,RL,11457,Corner,1Fam,5,1988,1988,HdBoard,0.0,1392.0,175000.0
160,RM,1680,Inside,Twnhs,5,1971,1971,HdBoard,0.0,483.0,85400.0
50,RM,5586,Inside,1Fam,7,1920,1998,MetalSd,0.0,901.0,79900.0
160,RM,1920,Inside,TwnhsE,5,1971,1971,HdBoard,0.0,765.0,122500.0
60,RL,10839,Corner,1Fam,5,1997,1998,VinylSd,0.0,926.0,181000.0
180,RM,1890,Inside,Twnhs,7,1972,1972,CemntBd,0.0,630.0,81000.0
60,RL,10667,CulDSac,1Fam,6,1996,1996,VinylSd,344.0,799.0,212000.0
50,RM,4400,Inside,1Fam,8,1920,1950,Stucco,0.0,648.0,116000.0
45,RM,6000,Inside,1Fam,7,1926,2004,Wd Sdng,0.0,884.0,119000.0
30,RL,4280,Inside,1Fam,6,1913,2002,WdShing,0.0,440.0,90350.0
50,RL,12354,Corner,1Fam,8,1920,2000,Wd Sdng,0.0,684.0,110000.0
90,RL,12108,Inside,Duplex,4,1955,1955,VinylSd,0.0,1440.0,118000.0
50,RM,6240,Inside,1Fam,7,1930,1992,MetalSd,0.0,1078.0,162900.0
120,RL,3922,Inside,TwnhsE,5,2006,2007,WdShing,0.0,1258.0,172500.0
60,RL,8750,Inside,1Fam,5,1994,1995,VinylSd,0.0,915.0,210000.0
20,RL,9855,Corner,1Fam,5,1956,1956,Wd Sdng,0.0,1436.0,127500.0
20,RL,16492,Corner,1Fam,6,1966,2002,BrkFace,713.0,1517.0,190000.0
60,RL,11214,Corner,1Fam,5,1998,1999,VinylSd,0.0,930.0,199900.0
50,RM,8600,Inside,1Fam,6,1937,1950,MetalSd,0.0,780.0,119500.0
50,RM,6000,Inside,1Fam,7,1948,2002,MetalSd,0.0,649.0,120000.0
30,RM,5684,Inside,1Fam,8,1930,2005,Wd Sdng,0.0,813.0,110000.0
20,RL,70761,Inside,1Fam,5,1975,1975,Plywood,0.0,1533.0,280000.0
60,RL,9303,Corner,1Fam,5,1996,1997,VinylSd,0.0,872.0,204000.0
60,FV,9000,Inside,1Fam,5,2008,2008,VinylSd,0.0,768.0,210000.0
90,RL,9297,Inside,Duplex,5,1976,1976,Plywood,0.0,1728.0,188000.0
20,RL,9600,Inside,1Fam,6,1973,1973,HdBoard,0.0,1242.0,175500.0
70,RM,4571,Inside,1Fam,5,1916,1950,AsbShng,0.0,624.0,98000.0
20,RL,53227,CulDSac,1Fam,6,1954,1994,Plywood,0.0,1364.0,256000.0
70,RM,5100,Inside,1Fam,7,1925,1996,Stucco,0.0,588.0,161000.0
50,RL,7015,Corner,1Fam,4,1950,1950,MetalSd,0.0,709.0,110000.0
60,FV,8004,Inside,1Fam,5,2009,2009,VinylSd,0.0,832.0,263435.0
70,RL,7200,Inside,1Fam,9,1936,2007,Wd Sdng,210.0,560.0,155000.0
20,RL,8281,Inside,1Fam,5,1965,1965,MetalSd,311.0,864.0,62383.0
70,RL,11988,Inside,1Fam,7,1934,1995,Stucco,0.0,715.0,188700.0
20,RL,8430,Inside,1Fam,5,1978,1978,HdBoard,0.0,1040.0,124000.0
120,RM,3072,Inside,TwnhsE,5,2004,2004,VinylSd,0.0,1375.0,178740.0
20,RL,10628,Inside,1Fam,5,1970,1970,Plywood,0.0,1277.0,167000.0
70,RL,9480,Inside,1Fam,7,1942,1995,MetalSd,0.0,728.0,146500.0
20,RL,11428,Inside,1Fam,5,2006,2006,VinylSd,0.0,1626.0,250000.0
60,RL,9291,Corner,1Fam,5,1993,1993,HdBoard,0.0,832.0,187000.0
120,RL,6820,Corner,TwnhsE,5,1985,1985,HdBoard,1120.0,1488.0,212000.0
60,RL,11952,Inside,1Fam,6,1977,1977,WdShing,0.0,808.0,190000.0
180,RM,3675,Inside,TwnhsE,5,2005,2005,VinylSd,0.0,547.0,148000.0
20,RL,14977,Inside,1Fam,5,2006,2007,VinylSd,0.0,1976.0,440000.0
120,RL,5330,Inside,TwnhsE,5,2000,2000,CemntBd,0.0,1494.0,251000.0
20,RL,8480,Corner,1Fam,6,1963,1963,HdBoard,0.0,970.0,132500.0
20,RL,13125,Inside,1Fam,5,1997,1998,VinylSd,0.0,1478.0,208900.0
60,RL,13693,Inside,1Fam,5,2006,2006,VinylSd,0.0,2153.0,380000.0
20,RL,10637,Inside,1Fam,5,2007,2008,VinylSd,0.0,1705.0,297000.0
30,RM,5925,Inside,1Fam,7,1937,2000,Stucco,0.0,907.0,89471.0
20,RL,16033,FR2,1Fam,5,2004,2005,VinylSd,0.0,1833.0,326000.0
20,RL,11846,Inside,1Fam,5,2003,2004,VinylSd,0.0,1792.0,374000.0
70,RM,2500,Corner,1Fam,8,1915,2005,Stucco,0.0,910.0,155000.0
120,RM,4500,FR2,Twnhs,5,1998,1998,VinylSd,0.0,1216.0,164000.0
20,RL,7758,Corner,1Fam,7,1962,2001,HdBoard,0.0,999.0,132500.0
20,RL,9600,Inside,1Fam,7,1950,2007,MetalSd,0.0,1113.0,147000.0
20,RL,10289,Inside,1Fam,7,1965,1965,MetalSd,0.0,1073.0,156000.0
20,RL,12243,Inside,1Fam,6,1971,1971,Plywood,0.0,1484.0,175000.0
190,RL,10800,Corner,2fmCon,4,1900,1970,Wd Sdng,0.0,954.0,160000.0
180,RM,1526,Inside,Twnhs,8,1970,2002,CemntBd,0.0,630.0,86000.0
160,RM,2665,Inside,TwnhsE,6,1976,1976,CemntBd,0.0,264.0,115000.0
50,RL,9490,Inside,1Fam,7,1941,1950,Wd Sdng,165.0,806.0,133000.0
60,RL,15578,Corner,1Fam,5,2006,2006,VinylSd,0.0,728.0,172785.0
20,RL,7931,Inside,1Fam,6,1960,1960,BrkFace,532.0,1269.0,155000.0
30,RM,5784,Inside,1Fam,8,1938,1996,MetalSd,0.0,190.0,91300.0
30,C (all),7879,Inside,1Fam,5,1920,1950,Wd Sdng,0.0,720.0,34900.0
20,RL,12692,Inside,1Fam,5,1992,1993,BrkFace,0.0,3200.0,430000.0
50,RL,9120,Inside,1Fam,6,1925,1950,Wd Sdng,0.0,1026.0,184000.0
20,RL,7800,Inside,1Fam,7,1967,2004,HdBoard,0.0,864.0,130000.0
20,RL,7535,Inside,1Fam,7,1958,1985,MetalSd,279.0,912.0,120000.0
160,RM,1890,Inside,Twnhs,5,1973,1973,HdBoard,0.0,672.0,113000.0
60,FV,9803,Inside,1Fam,5,2005,2005,VinylSd,0.0,866.0,226700.0
20,RL,9170,Corner,1Fam,7,1965,1965,MetalSd,96.0,1214.0,140000.0
20,RL,15602,Inside,1Fam,8,1959,1997,BrkFace,0.0,1501.0,289000.0
160,RL,2308,Inside,TwnhsE,5,1974,1974,Plywood,495.0,855.0,147000.0
90,RM,7596,Inside,Duplex,5,1952,1952,Wd Sdng,0.0,960.0,124500.0
60,RL,9554,Inside,1Fam,5,1993,1994,VinylSd,0.0,777.0,215000.0
20,FV,7862,Inside,1Fam,5,2009,2009,VinylSd,0.0,1218.0,208300.0
70,RM,9600,Inside,1Fam,9,1928,2005,MetalSd,0.0,689.0,161000.0
20,RL,9600,Corner,1Fam,6,1959,1959,MetalSd,0.0,1041.0,124500.0
20,RL,14559,Inside,1Fam,7,1951,2000,Wd Sdng,180.0,1008.0,164900.0
120,RL,6792,Inside,TwnhsE,5,2005,2006,VinylSd,0.0,1368.0,202665.0
20,RL,9100,Corner,1Fam,5,1958,1958,VinylSd,174.0,864.0,129900.0
20,RL,9187,Corner,1Fam,5,1983,1983,VinylSd,0.0,1084.0,134000.0
45,RL,10594,Inside,1Fam,5,1926,1950,Wd Sdng,0.0,768.0,96500.0
20,RL,12220,Inside,1Fam,5,2009,2009,CemntBd,0.0,2006.0,402861.0
80,RL,10448,Corner,1Fam,6,1972,1972,HdBoard,0.0,689.0,158000.0
60,RL,10208,Inside,1Fam,5,1996,1997,VinylSd,0.0,1264.0,265000.0
60,RL,9531,CulDSac,1Fam,5,1998,1998,VinylSd,0.0,794.0,211000.0
70,RL,10918,Inside,1Fam,9,1926,2004,MetalSd,0.0,1276.0,234000.0
190,RL,10800,Inside,2fmCon,7,1900,2000,MetalSd,0.0,0.0,106250.0
20,RL,11988,Corner,1Fam,6,1957,1957,VinylSd,0.0,1244.0,150000.0
50,RM,5000,Corner,1Fam,7,1947,1950,CemntBd,0.0,1004.0,159000.0
60,RL,40094,Inside,1Fam,5,2007,2008,CemntBd,0.0,3138.0,184750.0
60,RL,11787,Inside,1Fam,5,1996,1997,VinylSd,0.0,1379.0,315750.0
20,FV,7500,Inside,1Fam,5,2005,2005,VinylSd,0.0,1257.0,176000.0
20,RL,13300,Inside,1Fam,7,1956,2000,Wd Sdng,0.0,928.0,132000.0
60,RL,14948,Inside,1Fam,5,2008,2008,VinylSd,0.0,1452.0,446261.0
30,RL,9098,Inside,1Fam,7,1920,2002,Wd Sdng,0.0,528.0,86000.0
20,RL,32668,CulDSac,1Fam,3,1957,1975,Wd Sdng,0.0,2035.0,200624.0
80,RL,10200,Inside,1Fam,5,1988,1989,HdBoard,0.0,1461.0,175000.0
70,RM,6155,FR3,1Fam,8,1920,1999,Wd Sdng,0.0,611.0,128000.0
20,RL,7200,Inside,1Fam,7,1955,2007,VinylSd,0.0,0.0,107500.0
20,RL,5000,Inside,1Fam,3,1946,1950,VinylSd,0.0,0.0,39300.0
60,RL,9056,Inside,1Fam,5,2004,2004,VinylSd,0.0,707.0,178000.0
190,RL,7000,Inside,2fmCon,7,1910,1991,MetalSd,0.0,1117.0,107500.0
60,RL,8924,CulDSac,1Fam,5,1998,1999,VinylSd,0.0,880.0,188000.0
20,RL,12735,FR2,1Fam,5,1972,1972,MetalSd,0.0,864.0,111250.0
20,RL,11553,Inside,1Fam,5,1968,1968,Plywood,0.0,1051.0,158000.0
20,RL,11423,Inside,1Fam,5,2001,2002,VinylSd,0.0,1581.0,272000.0
20,RL,14601,Inside,1Fam,5,2006,2006,VinylSd,0.0,1838.0,315000.0
60,RL,11000,FR2,1Fam,5,2000,2000,VinylSd,0.0,969.0,248000.0
20,RL,10140,Inside,1Fam,5,1998,1999,VinylSd,1127.0,1650.0,213250.0
120,RH,4058,Inside,TwnhsE,5,1998,1998,MetalSd,139.0,723.0,133000.0
60,RL,17104,Inside,1Fam,5,2006,2006,VinylSd,0.0,654.0,179665.0
50,RL,13837,Corner,1Fam,5,1988,1988,HdBoard,202.0,1204.0,229000.0
50,RL,8737,Inside,1Fam,7,1923,1950,BrkFace,0.0,1065.0,210000.0
85,RL,7244,Inside,1Fam,7,1970,1970,VinylSd,0.0,768.0,129500.0
20,RM,8235,Inside,1Fam,7,1955,1995,MetalSd,645.0,825.0,125000.0
60,FV,9375,Inside,1Fam,5,2003,2004,VinylSd,0.0,912.0,263000.0
120,RL,4043,Inside,TwnhsE,6,1977,1977,Plywood,0.0,1069.0,140000.0
20,RM,6000,Inside,1Fam,6,1957,1957,BrkFace,0.0,928.0,112500.0
20,RL,11146,Inside,1Fam,5,2006,2006,VinylSd,0.0,1709.0,255500.0
20,RL,8777,Inside,1Fam,5,1949,2003,VinylSd,0.0,0.0,108000.0
60,RL,10625,Inside,1Fam,5,2003,2004,VinylSd,0.0,998.0,284000.0
45,RM,6380,Inside,1Fam,6,1922,1950,MetalSd,0.0,993.0,113000.0
20,RL,14850,Inside,1Fam,5,1957,1957,Wd Sdng,0.0,1092.0,141000.0
50,C (all),11040,Inside,1Fam,6,1920,1950,MetalSd,0.0,637.0,108000.0
60,RL,21872,FR2,1Fam,5,1996,1997,HdBoard,0.0,729.0,175000.0
120,RL,3196,Inside,TwnhsE,5,2003,2004,VinylSd,0.0,1374.0,234000.0
20,RL,11341,Inside,1Fam,6,1957,1996,Wd Sdng,0.0,1392.0,121500.0
20,RL,10010,Inside,1Fam,5,1974,1975,HdBoard,123.0,1389.0,170000.0
30,RL,13907,Inside,1Fam,6,1940,1969,WdShing,0.0,996.0,108000.0
50,RL,21780,Inside,1Fam,7,1918,1950,Wd Sdng,0.0,1163.0,185000.0
60,RL,13346,CulDSac,1Fam,5,1992,2000,HdBoard,0.0,1095.0,268000.0
70,RL,6858,Corner,1Fam,4,1915,1950,Wd Sdng,0.0,806.0,128000.0
60,RL,11198,Inside,1Fam,5,2005,2007,VinylSd,0.0,1122.0,325000.0
20,RL,10171,Inside,1Fam,5,2004,2004,VinylSd,0.0,1517.0,214000.0
50,RL,12327,Inside,1Fam,8,1983,2009,Wd Sdng,0.0,1496.0,316600.0
90,RL,7032,Corner,Duplex,5,1979,1979,MetalSd,0.0,943.0,135960.0
90,RL,13101,Inside,Duplex,5,1965,1965,HdBoard,0.0,1728.0,142600.0
20,RL,7332,Inside,1Fam,6,1959,1959,WdShing,0.0,864.0,120000.0
60,RL,13159,Corner,1Fam,5,2009,2009,VinylSd,0.0,846.0,224500.0
80,RL,9967,Inside,1Fam,5,2000,2000,VinylSd,0.0,384.0,170000.0
80,RL,10500,FR2,1Fam,7,1971,2005,MetalSd,0.0,372.0,139000.0
50,RL,8480,Inside,1Fam,5,1947,1950,MetalSd,0.0,832.0,118500.0
50,RL,6292,Inside,1Fam,7,1928,1950,Wd Sdng,0.0,861.0,145000.0
80,RL,11777,Inside,1Fam,6,1966,1966,VinylSd,551.0,1164.0,164500.0
160,FV,3604,Corner,TwnhsE,5,2007,2007,VinylSd,0.0,689.0,146000.0
50,RM,12150,Inside,1Fam,5,1954,1954,MetalSd,0.0,1050.0,131500.0
20,RL,14585,CulDSac,1Fam,6,1960,1987,Wd Sdng,219.0,1144.0,181900.0
20,RL,12704,Inside,1Fam,5,2008,2009,VinylSd,0.0,2042.0,253293.0
90,RL,11841,Inside,Duplex,5,1990,1990,HdBoard,0.0,816.0,118500.0
75,RM,13500,Inside,1Fam,9,1893,2000,Wd Sdng,0.0,1237.0,325000.0
50,RM,6120,Inside,1Fam,7,1935,1995,AsbShng,0.0,884.0,133000.0
20,RL,11443,Inside,1Fam,5,2005,2006,VinylSd,0.0,1868.0,369900.0
30,RL,10267,Inside,1Fam,7,1918,2000,Stucco,606.0,816.0,130000.0
85,RL,8740,Inside,1Fam,6,1982,1982,HdBoard,0.0,840.0,137000.0
20,RL,25095,Inside,1Fam,8,1968,2003,Wd Sdng,0.0,1437.0,143000.0
40,RM,9100,Inside,1Fam,6,1930,1960,VinylSd,0.0,742.0,79500.0
60,RL,8320,Inside,1Fam,5,2004,2004,VinylSd,0.0,770.0,185900.0
60,RL,13478,Corner,1Fam,5,2008,2008,CemntBd,0.0,1722.0,451950.0
20,RL,6600,Inside,1Fam,8,1982,2003,HdBoard,0.0,816.0,138000.0
120,RM,4435,Inside,TwnhsE,5,2003,2003,VinylSd,0.0,848.0,140000.0
20,RL,7990,Inside,1Fam,6,1975,1975,HdBoard,0.0,924.0,110000.0
20,RL,11302,Inside,1Fam,5,2005,2006,VinylSd,0.0,1814.0,319000.0
70,RM,3600,Inside,1Fam,7,1910,1993,VinylSd,0.0,684.0,114504.0
120,RL,3922,Inside,TwnhsE,5,2006,2007,VinylSd,0.0,1258.0,194201.0
20,RL,12984,Inside,1Fam,6,1977,1977,Plywood,147.0,1430.0,217500.0
160,RM,1950,Inside,Twnhs,6,1980,1980,MetalSd,612.0,716.0,151000.0
60,RL,10927,Inside,1Fam,5,2005,2005,VinylSd,0.0,1058.0,275000.0
50,RM,9000,Inside,1Fam,6,1937,1950,Wd Sdng,0.0,780.0,141000.0
60,RL,10041,Inside,1Fam,5,1992,1992,HdBoard,0.0,908.0,220000.0
160,FV,3182,Inside,TwnhsE,5,2004,2005,MetalSd,0.0,600.0,151000.0
20,RL,12803,Inside,1Fam,5,2002,2002,VinylSd,0.0,1494.0,221000.0
60,RL,13600,Inside,1Fam,6,1965,1990,HdBoard,0.0,768.0,205000.0
20,RL,12464,Corner,1Fam,5,1996,1996,VinylSd,0.0,1040.0,152000.0
20,RL,7800,Inside,1Fam,8,1948,2002,MetalSd,0.0,896.0,225000.0
70,RL,12168,Inside,1Fam,6,1934,1998,BrkFace,0.0,965.0,359100.0
20,RL,7943,Inside,1Fam,5,1961,1961,VinylSd,0.0,1029.0,118500.0
60,RL,11050,Inside,1Fam,5,2000,2000,VinylSd,0.0,1440.0,313000.0
80,RL,10395,FR2,1Fam,6,1978,1978,HdBoard,0.0,1032.0,148000.0
60,RL,11885,Inside,1Fam,5,2001,2001,VinylSd,0.0,1299.0,261500.0
20,RL,8402,Inside,1Fam,5,2007,2007,VinylSd,0.0,1120.0,147000.0
180,RM,1491,Inside,TwnhsE,6,1972,1972,CemntBd,480.0,630.0,75500.0
85,RL,8800,Inside,1Fam,7,1963,1963,MetalSd,0.0,936.0,137500.0
60,RL,7861,Inside,1Fam,5,2002,2003,VinylSd,0.0,783.0,183200.0
45,RL,7227,Corner,1Fam,6,1954,1954,MetalSd,0.0,832.0,105500.0
20,RL,11694,Inside,1Fam,5,2007,2007,CemntBd,0.0,1822.0,314813.0
60,RL,12244,Inside,1Fam,5,2003,2003,VinylSd,0.0,1482.0,305000.0
30,RL,8248,Inside,1Fam,3,1914,1950,Stucco,0.0,864.0,67000.0
60,RL,10800,Inside,1Fam,7,1974,1997,HdBoard,182.0,1522.0,240000.0
20,RL,7064,Inside,1Fam,6,1977,1977,Plywood,0.0,980.0,135000.0
160,FV,2117,Inside,TwnhsE,5,2000,2000,MetalSd,0.0,756.0,168500.0
60,RL,10400,Inside,1Fam,5,1972,1972,VinylSd,0.0,732.0,165150.0
20,RL,10000,Corner,1Fam,6,1962,1962,Wd Sdng,0.0,1116.0,160000.0
20,RL,12342,Inside,1Fam,5,1960,1978,Wd Sdng,0.0,978.0,139900.0
80,RL,9600,Inside,1Fam,6,1955,1972,AsbShng,132.0,1156.0,153000.0
60,RL,11606,Inside,1Fam,5,1969,1969,Plywood,0.0,1040.0,135000.0
80,RL,9020,Corner,1Fam,5,1964,1964,Plywood,336.0,1248.0,168500.0
70,RM,9000,Corner,1Fam,6,1880,1991,VinylSd,0.0,636.0,124000.0
120,RL,4590,Inside,Twnhs,5,2006,2006,VinylSd,0.0,1554.0,209500.0
20,RL,11900,Inside,1Fam,5,1977,1977,Plywood,0.0,1386.0,82500.0
20,RL,9250,Corner,1Fam,7,1954,2005,Wd Sdng,468.0,1056.0,139400.0
90,RL,6979,Inside,Duplex,5,1980,1980,Plywood,0.0,1056.0,144000.0
190,RH,10896,Inside,2fmCon,7,1914,1995,VinylSd,0.0,1440.0,200000.0
30,RM,6120,Inside,1Fam,3,1936,1950,AsbShng,0.0,264.0,60000.0
190,RM,6000,Inside,2fmCon,4,1954,1954,Wd Sdng,0.0,811.0,93000.0
30,RL,8777,Inside,1Fam,7,1910,1950,MetalSd,0.0,796.0,85000.0
120,RL,3982,Inside,TwnhsE,5,2006,2006,VinylSd,0.0,1520.0,264561.0
120,RL,12677,Inside,TwnhsE,5,2003,2004,MetalSd,0.0,1518.0,274000.0
60,FV,7050,Inside,1Fam,5,2001,2001,VinylSd,0.0,1057.0,226000.0
80,RL,13860,Inside,1Fam,7,1972,1995,Plywood,0.0,1952.0,345000.0
60,RL,10793,Inside,1Fam,5,1969,1969,WdShing,287.0,780.0,152000.0
20,FV,9187,Inside,1Fam,5,2009,2009,CemntBd,0.0,1766.0,370878.0
20,RL,10530,Corner,1Fam,5,1971,1971,Plywood,35.0,981.0,143250.0
20,RL,7200,Inside,1Fam,5,1950,1950,MetalSd,0.0,0.0,98300.0
20,RL,10452,Inside,1Fam,5,1953,1953,Wd Sdng,0.0,1094.0,155000.0
60,RL,7700,Inside,1Fam,5,1966,1966,MetalSd,0.0,756.0,155000.0
180,RM,1936,Inside,Twnhs,6,1970,1970,CemntBd,499.0,630.0,84500.0
60,FV,8125,Inside,1Fam,6,2007,2007,CemntBd,0.0,813.0,205950.0
70,RL,9084,Inside,1Fam,5,1940,1950,MetalSd,0.0,755.0,108000.0
60,RL,8750,Inside,1Fam,5,1996,1996,VinylSd,0.0,880.0,191000.0
50,RM,10320,Inside,1Fam,7,1906,1995,MetalSd,0.0,756.0,135000.0
20,RL,10437,Inside,1Fam,6,1995,1995,MetalSd,0.0,2109.0,350000.0
160,RM,1680,Inside,Twnhs,5,1971,1971,HdBoard,0.0,525.0,88000.0
20,RL,10007,Inside,1Fam,7,1959,2006,HdBoard,0.0,1053.0,145500.0
70,RL,7200,Inside,1Fam,6,1931,2000,Stucco,0.0,776.0,149000.0
50,RL,17503,Inside,1Fam,5,1948,1950,VinylSd,0.0,912.0,97500.0
20,RL,9937,Corner,1Fam,7,1964,1999,MetalSd,0.0,1486.0,167000.0
60,RL,12384,CulDSac,1Fam,7,1976,1976,Plywood,0.0,793.0,197900.0
60,RL,46589,CulDSac,1Fam,7,1994,2005,VinylSd,180.0,1629.0,402000.0
20,RL,13560,Corner,1Fam,3,1968,1968,Wd Sdng,0.0,1392.0,110000.0
85,RL,10012,Inside,1Fam,5,1972,1972,Plywood,180.0,1138.0,137500.0
20,RL,20896,CulDSac,1Fam,5,2005,2006,VinylSd,0.0,2077.0,423000.0
60,RL,11194,Corner,1Fam,5,2000,2000,VinylSd,0.0,1406.0,230500.0
60,RL,18450,Inside,1Fam,5,1965,1979,Plywood,723.0,1021.0,129000.0
20,RL,8125,Inside,1Fam,5,1994,1998,HdBoard,0.0,1408.0,193500.0
20,RL,14175,Corner,1Fam,6,1956,1987,CemntBd,0.0,1188.0,168000.0
30,RL,11600,Inside,1Fam,5,1922,1950,MetalSd,0.0,700.0,137500.0
60,RL,8633,FR2,1Fam,5,2005,2005,VinylSd,0.0,738.0,173500.0
70,RH,6629,Inside,1Fam,6,1925,1950,Wd Sdng,0.0,672.0,103600.0
20,RL,11250,Inside,1Fam,6,1977,1977,Plywood,0.0,1208.0,165000.0
20,RL,14442,Inside,1Fam,7,1957,2004,CemntBd,0.0,1477.0,257500.0
20,RL,9200,Inside,1Fam,6,1965,1965,HdBoard,0.0,1136.0,140000.0
160,RL,2289,Inside,Twnhs,6,1978,1978,Plywood,0.0,855.0,148500.0
70,RM,9600,Inside,1Fam,2,1900,1950,AsbShng,0.0,1095.0,87000.0
30,RL,9022,Inside,1Fam,8,1924,2006,VinylSd,0.0,768.0,109500.0
20,RL,11844,Inside,1Fam,5,2008,2008,VinylSd,0.0,2046.0,372500.0
20,RL,9945,Inside,1Fam,5,1961,1961,Wd Sdng,0.0,988.0,128500.0
120,RL,8012,Inside,TwnhsE,5,1980,1980,Plywood,119.0,923.0,143000.0
50,RH,4500,Inside,1Fam,5,1932,2000,VinylSd,0.0,793.0,159434.0
120,RL,2887,Inside,1Fam,5,1996,1997,Wd Sdng,0.0,1291.0,173000.0
20,RL,11248,Corner,1Fam,5,2002,2002,VinylSd,0.0,1626.0,285000.0
60,RL,16770,CulDSac,1Fam,5,1998,1998,VinylSd,0.0,1195.0,221000.0
160,RL,5062,CulDSac,TwnhsE,5,1984,1984,HdBoard,182.0,1190.0,207500.0
60,FV,10207,Inside,1Fam,6,2007,2007,VinylSd,0.0,874.0,227875.0
160,FV,5105,FR2,TwnhsE,5,2004,2004,MetalSd,0.0,551.0,148800.0
20,RL,8089,Inside,1Fam,6,2007,2007,MetalSd,0.0,1419.0,392000.0
120,RL,7577,Corner,TwnhsE,5,2005,2006,VinylSd,0.0,1362.0,194700.0
120,RM,4426,Inside,TwnhsE,5,2004,2004,VinylSd,0.0,848.0,141000.0
60,RL,26178,Inside,1Fam,5,1989,1990,MetalSd,0.0,1210.0,335000.0
30,RL,5400,Corner,1Fam,6,1921,1968,MetalSd,0.0,1073.0,108480.0
50,RM,6120,Corner,1Fam,6,1936,1950,Wd Sdng,0.0,927.0,141500.0
20,RL,13811,Inside,1Fam,6,1987,1987,HdBoard,40.0,1112.0,176000.0
30,RM,6000,Inside,1Fam,7,1921,1950,Wd Sdng,0.0,616.0,89000.0
20,RL,6420,Inside,1Fam,7,1952,1952,Wd Sdng,551.0,980.0,123500.0
20,RL,8450,Inside,1Fam,8,1965,2009,MetalSd,117.0,894.0,138500.0
120,FV,4282,Inside,TwnhsE,5,2004,2004,MetalSd,0.0,1391.0,196000.0
20,RL,14331,Inside,1Fam,5,2002,2002,VinylSd,0.0,1800.0,312500.0
20,RL,9600,Inside,1Fam,5,1969,1969,HdBoard,0.0,1164.0,140000.0
60,RL,12438,Inside,1Fam,5,2006,2006,VinylSd,0.0,1234.0,361919.0
190,RM,7630,Inside,2fmCon,9,1900,1996,Wd Sdng,0.0,360.0,140000.0
20,RL,8400,Inside,1Fam,5,2004,2005,VinylSd,0.0,1473.0,213000.0
190,RM,5600,Inside,2fmCon,5,1930,1950,VinylSd,0.0,0.0,55000.0
20,RL,115149,CulDSac,1Fam,5,1971,2002,Plywood,0.0,1643.0,302000.0
120,RL,6240,Inside,TwnhsE,5,2006,2006,MetalSd,0.0,1324.0,254000.0
60,RL,9018,Inside,1Fam,5,2007,2007,VinylSd,0.0,728.0,179540.0
20,RL,7162,Inside,1Fam,7,1966,1966,HdBoard,0.0,876.0,109900.0
30,RL,4130,Inside,1Fam,6,1935,2003,VinylSd,0.0,270.0,52000.0
50,C (all),8712,Inside,1Fam,7,1900,1950,MetalSd,0.0,859.0,102776.0
120,RL,4671,Inside,TwnhsE,5,1988,1989,HdBoard,0.0,1228.0,189000.0
190,RL,9873,Inside,2fmCon,5,1970,1970,HdBoard,0.0,960.0,129000.0
60,RL,13517,CulDSac,1Fam,8,1976,2005,HdBoard,0.0,725.0,130500.0
20,RL,10140,Inside,1Fam,5,1974,1974,HdBoard,0.0,1064.0,165000.0
70,RM,10800,Inside,1Fam,8,1890,1998,Wd Sdng,0.0,718.0,159500.0
20,RL,10000,Inside,1Fam,6,1973,2000,HdBoard,0.0,1176.0,157000.0
60,RL,10542,Inside,1Fam,5,1993,1994,Wd Sdng,0.0,1311.0,341000.0
20,RL,9920,Inside,1Fam,6,1969,1969,HdBoard,0.0,971.0,128500.0
120,RL,6563,CulDSac,1Fam,5,1985,1985,HdBoard,0.0,1742.0,275000.0
120,RM,4426,Inside,TwnhsE,5,2004,2004,VinylSd,0.0,848.0,143000.0
20,RL,8120,Inside,1Fam,7,1970,1970,MetalSd,0.0,864.0,124500.0
50,RL,8172,Inside,1Fam,6,1954,1972,MetalSd,0.0,941.0,135000.0
20,RL,13286,Inside,1Fam,5,2007,2008,CemntBd,0.0,1698.0,320000.0
20,RL,6960,Inside,1Fam,6,1970,1970,HdBoard,239.0,864.0,120500.0
20,RL,21695,Corner,1Fam,9,1988,2007,Wd Sdng,0.0,880.0,222000.0
20,RL,7314,Inside,1Fam,5,2007,2007,VinylSd,0.0,1232.0,194500.0
90,RL,11475,Corner,Duplex,5,1958,1958,VinylSd,0.0,1584.0,110000.0
30,RM,6240,Inside,1Fam,5,1925,1950,MetalSd,0.0,780.0,103000.0
120,RL,5389,Inside,TwnhsE,5,1995,1996,CemntBd,0.0,1595.0,236500.0
80,RL,9590,Corner,1Fam,5,2003,2003,VinylSd,0.0,868.0,187500.0
60,RL,11404,Inside,1Fam,5,1998,1999,VinylSd,0.0,1153.0,222500.0
20,RL,10000,Corner,1Fam,6,1961,1983,HdBoard,0.0,864.0,131400.0
20,RL,8978,Corner,1Fam,5,1968,1968,Plywood,0.0,948.0,108000.0
75,RM,10800,Inside,1Fam,7,1914,1970,Wd Sdng,0.0,880.0,163000.0
90,RL,8544,Inside,Duplex,4,1950,1950,Stucco,0.0,0.0,93500.0
60,RL,10463,CulDSac,1Fam,5,2005,2005,VinylSd,0.0,893.0,239900.0
90,RL,10800,Inside,Duplex,5,1987,1988,Plywood,0.0,1200.0,179000.0
60,RL,9313,Inside,1Fam,5,2004,2004,VinylSd,0.0,864.0,190000.0
70,RM,9600,Inside,1Fam,7,1910,2002,Wd Sdng,0.0,264.0,132000.0
20,RL,6768,Inside,1Fam,8,1961,1996,HdBoard,0.0,912.0,142000.0
20,RL,8450,Inside,1Fam,5,2000,2001,VinylSd,0.0,1349.0,179000.0
80,RL,12886,Inside,1Fam,6,1963,1999,HdBoard,0.0,520.0,175000.0
120,RL,5395,Inside,TwnhsE,5,1993,1993,HdBoard,0.0,1337.0,180000.0
60,RL,8963,Inside,1Fam,9,1976,1996,VinylSd,80.0,1142.0,299800.0
60,RL,8795,Inside,1Fam,5,2000,2000,VinylSd,0.0,952.0,236000.0
70,RM,11700,Corner,1Fam,7,1880,2003,Stucco,0.0,1240.0,265979.0
20,RL,10593,Inside,1Fam,5,1996,1996,VinylSd,0.0,1720.0,260400.0
50,RL,8405,Inside,1Fam,3,1945,1950,WdShing,0.0,0.0,98000.0
50,RM,8800,Corner,1Fam,7,1910,2004,Wd Sdng,0.0,576.0,96500.0
60,RL,7750,Inside,1Fam,5,2003,2003,VinylSd,0.0,660.0,162000.0
20,RL,9236,Inside,1Fam,5,1997,1997,VinylSd,0.0,1479.0,217000.0
60,RL,10240,Inside,1Fam,5,2005,2005,VinylSd,0.0,1030.0,275500.0
20,RL,7930,Inside,1Fam,8,1969,2005,Plywood,472.0,1026.0,156000.0
160,FV,3230,Inside,TwnhsE,5,1999,1999,MetalSd,0.0,729.0,172500.0
60,RL,10769,Inside,1Fam,5,2007,2007,VinylSd,0.0,866.0,212000.0
60,RL,11616,CulDSac,1Fam,5,1978,1978,HdBoard,0.0,672.0,158900.0
160,FV,2280,Inside,Twnhs,5,1999,1999,MetalSd,0.0,744.0,179400.0
60,RL,12257,Inside,1Fam,5,1995,1995,VinylSd,64.0,1318.0,290000.0
20,RL,9100,Inside,1Fam,6,1959,1959,Wd Sdng,0.0,864.0,127500.0
30,RM,6911,FR2,1Fam,5,1924,1950,Wd Sdng,0.0,1145.0,100000.0
60,FV,8640,Inside,1Fam,5,2009,2009,VinylSd,0.0,756.0,215200.0
60,RL,9430,Inside,1Fam,5,1999,1999,VinylSd,0.0,1252.0,337000.0
120,RL,9549,CulDSac,TwnhsE,5,1995,1996,BrkFace,1057.0,1494.0,270000.0
20,RL,14587,Inside,1Fam,5,2008,2008,VinylSd,0.0,1498.0,264132.0
60,RL,10421,Inside,1Fam,5,1988,1988,HdBoard,0.0,980.0,196500.0
50,RL,12508,Inside,1Fam,7,1940,1985,VinylSd,0.0,983.0,160000.0
20,RL,9100,Inside,1Fam,5,2004,2005,VinylSd,0.0,1860.0,216837.0
85,RL,7252,CulDSac,1Fam,5,1982,1982,Wd Sdng,0.0,858.0,134900.0
20,RL,8877,Inside,1Fam,5,1951,1951,Wd Sdng,0.0,836.0,102000.0
80,RL,7819,Inside,1Fam,5,1976,1976,Plywood,127.0,1029.0,107000.0
20,RL,10150,Inside,1Fam,5,1958,1958,Wd Sdng,0.0,912.0,114500.0
20,RL,14226,Corner,1Fam,5,2006,2006,VinylSd,0.0,1935.0,395000.0
120,RM,4500,FR2,TwnhsE,5,1998,1998,VinylSd,0.0,1204.0,162000.0
20,RL,11210,Inside,1Fam,5,2005,2006,VinylSd,0.0,1614.0,221500.0
20,RL,13350,Inside,1Fam,5,1974,1974,HdBoard,0.0,864.0,142500.0
90,RH,8400,Inside,Duplex,5,1977,1977,Plywood,0.0,0.0,144000.0
90,RL,10530,Inside,Duplex,5,1977,1977,Plywood,0.0,975.0,135000.0
20,RL,7875,Inside,1Fam,5,1995,1996,HdBoard,0.0,1237.0,176000.0
60,RL,7153,Inside,1Fam,5,1992,1992,VinylSd,0.0,761.0,175900.0
20,RL,16285,Inside,1Fam,5,2001,2002,VinylSd,0.0,1413.0,187100.0
85,RL,9101,Corner,1Fam,6,1978,1978,Plywood,0.0,1097.0,165500.0
75,RM,6300,Inside,1Fam,6,1914,2001,Wd Sdng,0.0,742.0,128000.0
20,RL,9790,Inside,1Fam,5,1967,1967,BrkFace,630.0,1372.0,161500.0
50,RM,10800,Inside,1Fam,6,1915,1950,MetalSd,0.0,686.0,139000.0
60,RL,10142,Inside,1Fam,5,2004,2004,VinylSd,0.0,956.0,233000.0
20,RM,6000,Corner,1Fam,7,1954,2000,MetalSd,0.0,901.0,107900.0
60,RL,12205,Inside,1Fam,8,1966,2007,HdBoard,0.0,832.0,187500.0
120,RL,3182,Inside,TwnhsE,5,2005,2006,VinylSd,0.0,1145.0,160200.0
80,RL,11333,Corner,1Fam,5,1976,1976,HdBoard,0.0,1029.0,146800.0
60,RL,9920,CulDSac,1Fam,5,1996,1997,MetalSd,0.0,1117.0,269790.0
20,RL,9158,Inside,1Fam,5,2007,2007,CemntBd,0.0,1496.0,225000.0
60,RL,10832,Corner,1Fam,5,1994,1996,MetalSd,0.0,712.0,194500.0
60,RL,8400,Inside,1Fam,6,1980,1981,HdBoard,0.0,650.0,171000.0
20,RL,8197,Inside,1Fam,5,1977,1977,Plywood,0.0,660.0,143500.0
20,RL,7677,Inside,1Fam,5,1953,1953,VinylSd,0.0,773.0,110000.0
60,RL,13518,Inside,1Fam,5,2008,2009,VinylSd,0.0,1926.0,485000.0
50,RL,7200,Corner,1Fam,7,1937,1950,Wd Sdng,0.0,731.0,175000.0
60,RL,12798,Inside,1Fam,5,1997,1997,VinylSd,0.0,616.0,200000.0
30,RM,4800,Inside,1Fam,7,1916,1990,MetalSd,0.0,1196.0,109900.0
60,RL,8199,Inside,1Fam,5,2005,2005,WdShing,0.0,728.0,189000.0
20,RL,9000,Inside,1Fam,5,1954,1954,Wd Sdng,0.0,936.0,118000.0
20,RL,12274,FR2,1Fam,5,2008,2008,VinylSd,0.0,1417.0,227680.0
80,RL,9750,Inside,1Fam,5,1967,1967,VinylSd,480.0,980.0,135500.0
70,RL,21384,Inside,1Fam,6,1923,2004,Wd Sdng,0.0,1324.0,223500.0
80,RL,13400,Inside,1Fam,5,1966,1966,VinylSd,128.0,1024.0,159950.0
75,RM,8100,Corner,1Fam,5,1898,1965,AsbShng,0.0,849.0,106000.0
20,RL,10140,Inside,1Fam,6,1974,1999,HdBoard,377.0,1040.0,181000.0
120,RM,4438,Inside,TwnhsE,5,2004,2004,VinylSd,0.0,848.0,144500.0
20,C (all),8712,Inside,1Fam,5,1952,1952,Wd Sdng,0.0,540.0,55993.0
20,RL,9750,Inside,1Fam,6,1958,1958,MetalSd,0.0,1442.0,157900.0
50,RL,8248,Inside,1Fam,7,1918,1950,Stucco,0.0,686.0,116000.0
20,RL,12137,CulDSac,1Fam,5,1998,1998,VinylSd,0.0,1649.0,224900.0
20,RL,11425,Corner,1Fam,6,1954,1954,BrkFace,0.0,1008.0,137000.0
20,RL,13265,CulDSac,1Fam,5,2002,2002,CemntBd,0.0,1568.0,271000.0
80,RL,8816,Inside,1Fam,7,1971,1971,HdBoard,0.0,1010.0,155000.0
120,RL,6371,Inside,TwnhsE,5,2009,2010,VinylSd,0.0,1358.0,224000.0
60,RL,7226,CulDSac,1Fam,5,2003,2003,VinylSd,0.0,798.0,183000.0
20,RM,6000,Inside,2fmCon,4,1953,1953,MetalSd,0.0,936.0,93000.0
60,RL,12394,Corner,1Fam,5,2003,2003,VinylSd,0.0,847.0,225000.0
50,RL,9900,Inside,1Fam,7,1940,1950,VinylSd,0.0,778.0,139500.0
20,FV,11216,Inside,1Fam,5,2006,2006,VinylSd,0.0,1489.0,232600.0
20,RL,14803,Inside,1Fam,5,2007,2008,CemntBd,0.0,2078.0,385000.0
45,RM,6130,Inside,1Fam,6,1924,1950,MetalSd,0.0,784.0,109500.0
20,RL,8529,Inside,1Fam,5,2001,2001,VinylSd,0.0,1454.0,189000.0
60,RL,28698,CulDSac,1Fam,5,1967,1967,Plywood,764.0,1013.0,185000.0
160,FV,2544,Inside,Twnhs,5,2005,2005,MetalSd,0.0,600.0,147400.0
20,RL,11900,Corner,1Fam,5,1957,1957,HdBoard,0.0,1392.0,166000.0
160,FV,3180,Inside,TwnhsE,5,2005,2005,MetalSd,0.0,600.0,151000.0
60,RL,9548,CulDSac,1Fam,6,2003,2003,VinylSd,0.0,941.0,237000.0
20,RL,10004,Inside,1Fam,6,1964,1964,HdBoard,345.0,1516.0,167000.0
20,RL,7875,Inside,1Fam,6,1961,1961,VinylSd,0.0,1144.0,139950.0
20,RL,9600,Inside,1Fam,7,1950,1995,VinylSd,0.0,1067.0,128000.0
30,RM,8100,Inside,1Fam,6,1948,1973,VinylSd,0.0,1559.0,153500.0
160,RM,1680,Inside,Twnhs,5,1973,1973,HdBoard,0.0,483.0,100000.0
20,RL,9525,Inside,1Fam,6,1995,2006,VinylSd,0.0,1099.0,144000.0
50,RL,11767,Inside,1Fam,6,1946,1995,MetalSd,0.0,768.0,130500.0
70,RH,12155,Inside,1Fam,8,1925,1950,Wd Sdng,0.0,672.0,140000.0
70,RM,10440,Inside,1Fam,8,1904,2002,MetalSd,0.0,650.0,157500.0
80,RL,9020,Inside,1Fam,7,1966,1966,HdBoard,539.0,1127.0,174900.0
90,RL,8000,Corner,Duplex,4,1961,1961,BrkFace,0.0,1800.0,141000.0
50,RM,12665,Inside,1Fam,8,1915,1950,Wd Sdng,0.0,876.0,153900.0
85,RL,16647,CulDSac,1Fam,5,1975,1981,HdBoard,0.0,1390.0,171000.0
60,RL,9317,Inside,1Fam,5,1993,1993,HdBoard,0.0,740.0,213000.0
20,RL,15523,CulDSac,1Fam,6,1972,1972,HdBoard,0.0,864.0,133500.0
50,RL,45600,Inside,1Fam,8,1908,1997,Wd Sdng,0.0,907.0,240000.0
80,RL,9600,FR2,1Fam,7,1976,1994,Plywood,0.0,528.0,187000.0
120,RM,4435,Inside,TwnhsE,5,2003,2003,VinylSd,0.0,848.0,131500.0
120,RL,3196,Inside,TwnhsE,5,2003,2003,VinylSd,0.0,1273.0,215000.0
75,RL,7128,Inside,1Fam,5,1941,1950,MetalSd,0.0,918.0,164000.0
80,RL,12095,Corner,1Fam,6,1964,1964,MetalSd,0.0,1127.0,158000.0
20,RL,17920,Inside,1Fam,4,1955,1974,Wd Sdng,1085.0,1763.0,170000.0
20,RL,6897,Corner,1Fam,8,1962,2010,HdBoard,0.0,1040.0,127000.0
80,RL,10970,Inside,1Fam,6,1978,1978,Plywood,435.0,940.0,147000.0
60,RL,8125,Inside,1Fam,5,1994,1995,HdBoard,0.0,702.0,174000.0
20,RL,10400,Inside,1Fam,5,1976,1976,HdBoard,0.0,1090.0,152000.0
60,RL,11029,Corner,1Fam,7,1968,1984,HdBoard,0.0,1054.0,250000.0
50,RL,7642,Corner,1Fam,8,1918,1998,Wd Sdng,0.0,912.0,189950.0
190,RL,11625,Inside,2fmCon,4,1965,1965,Plywood,0.0,1039.0,131500.0
20,RL,9672,Corner,1Fam,5,1984,1985,HdBoard,0.0,1040.0,152000.0
20,RL,7931,Inside,1Fam,5,1959,1959,BrkFace,0.0,1148.0,132500.0
20,FV,8640,Inside,1Fam,5,2007,2008,VinylSd,0.0,1372.0,250580.0
20,RL,8750,Inside,1Fam,6,1970,1970,MetalSd,0.0,1002.0,148500.0
20,RL,10656,Inside,1Fam,5,2006,2007,VinylSd,0.0,1638.0,248900.0
20,RL,6970,Corner,1Fam,5,1961,1961,VinylSd,0.0,1040.0,129000.0
60,RL,14762,Corner,1Fam,6,1948,1950,Plywood,0.0,0.0,169000.0
60,RL,9938,Inside,1Fam,5,1993,1994,MetalSd,0.0,1050.0,236000.0
20,RL,6600,Inside,1Fam,5,1962,1962,MetalSd,0.0,894.0,109500.0
60,RL,8750,Inside,1Fam,5,1998,1998,VinylSd,0.0,804.0,200500.0
20,RL,8892,Corner,1Fam,7,1953,1996,WdShing,0.0,105.0,116000.0
40,RL,12144,Inside,1Fam,7,1949,1950,HdBoard,0.0,832.0,133000.0
50,RM,5720,Inside,1Fam,6,1941,1950,Wd Sdng,0.0,676.0,66500.0
60,FV,9000,Inside,1Fam,5,2007,2007,CemntBd,0.0,1184.0,303477.0
20,RL,25286,Inside,1Fam,5,1963,1963,HdBoard,0.0,1064.0,132250.0
60,RL,8834,Inside,1Fam,5,2004,2005,VinylSd,0.0,1462.0,350000.0
85,RL,11782,Inside,1Fam,7,1961,1995,HdBoard,0.0,1109.0,148000.0
20,RL,7000,CulDSac,1Fam,8,1978,2005,VinylSd,0.0,864.0,136500.0
20,RL,7024,Inside,1Fam,5,2005,2006,VinylSd,0.0,1090.0,157000.0
50,RL,13758,CulDSac,1Fam,5,1990,1991,HdBoard,0.0,1156.0,187500.0
60,RL,9636,Corner,1Fam,5,1992,1993,VinylSd,0.0,808.0,178000.0
75,RL,6204,Inside,1Fam,5,1912,1950,Wd Sdng,0.0,795.0,118500.0
20,RL,7150,Inside,1Fam,5,1967,1967,HdBoard,0.0,892.0,100000.0
120,FV,5119,CulDSac,TwnhsE,5,1999,2000,MetalSd,0.0,1698.0,328900.0
90,RL,8393,Corner,Duplex,5,1959,2005,MetalSd,0.0,1626.0,145000.0
50,RL,16466,Inside,1Fam,7,1955,1955,MetalSd,0.0,816.0,135500.0
20,RL,15865,Inside,1Fam,6,1970,1970,Wd Sdng,823.0,2217.0,268000.0
20,RL,12160,Inside,1Fam,4,1953,1953,Wd Sdng,0.0,1505.0,149500.0
50,RL,8064,Corner,1Fam,7,1949,2006,MetalSd,0.0,672.0,122900.0
60,RL,11184,Inside,1Fam,5,1978,1978,HdBoard,500.0,918.0,172500.0
20,RL,8414,Inside,1Fam,8,1963,2003,HdBoard,0.0,1059.0,154500.0
20,RL,13284,Inside,1Fam,5,1954,1954,Wd Sdng,0.0,1383.0,165000.0
90,RL,7018,Inside,Duplex,5,1979,1979,Plywood,0.0,0.0,118858.0
60,RL,7056,Inside,1Fam,5,1963,1963,HdBoard,0.0,780.0,140000.0
30,RM,8765,Inside,1Fam,6,1936,1950,Wd Sdng,0.0,951.0,106500.0
90,RL,7018,Inside,Duplex,5,1979,1979,Plywood,0.0,0.0,142953.0
20,RL,6993,Inside,1Fam,7,1961,1994,HdBoard,0.0,912.0,135000.0
20,RL,7340,Inside,1Fam,6,1971,1971,HdBoard,0.0,858.0,110000.0
20,RL,8712,Inside,1Fam,7,1957,2000,MetalSd,0.0,992.0,153000.0
60,RL,7875,Inside,1Fam,5,2003,2003,VinylSd,0.0,783.0,180000.0
20,RL,14859,CulDSac,1Fam,5,2006,2006,VinylSd,0.0,1670.0,240000.0
20,RL,6173,Inside,1Fam,6,1967,1967,HdBoard,0.0,876.0,125500.0
20,RL,9920,Inside,1Fam,5,1954,1954,HdBoard,290.0,1056.0,128000.0
20,RL,13501,Corner,1Fam,5,2006,2006,VinylSd,0.0,1623.0,255000.0
50,RL,11500,Inside,1Fam,7,1936,1987,BrkFace,0.0,1017.0,250000.0
20,RL,8885,Inside,1Fam,5,1983,1983,HdBoard,324.0,864.0,131000.0
60,RL,12589,Inside,1Fam,5,2005,2005,VinylSd,0.0,742.0,174000.0
90,RL,11600,Corner,Duplex,5,1960,1960,MetalSd,0.0,1105.0,154300.0
20,RL,9286,CulDSac,1Fam,7,1977,1989,HdBoard,0.0,1268.0,143500.0
30,RM,6120,Inside,1Fam,7,1925,1950,MetalSd,0.0,768.0,88000.0
90,RH,6270,Inside,Duplex,6,1949,1950,MetalSd,0.0,1001.0,145000.0
160,FV,3000,Inside,TwnhsE,5,2009,2009,VinylSd,0.0,612.0,173733.0
160,RM,2001,Inside,Twnhs,5,1970,1970,CemntBd,0.0,546.0,75000.0
20,C (all),9000,Inside,1Fam,3,1949,1950,AsbShng,0.0,480.0,35311.0
20,RL,17140,Inside,1Fam,6,1956,1956,VinylSd,0.0,1134.0,135000.0
60,RL,13125,Corner,1Fam,5,1991,1991,HdBoard,634.0,1104.0,238000.0
20,RL,11029,Corner,1Fam,8,1958,2002,MetalSd,411.0,1184.0,176500.0
60,RL,8462,Inside,1Fam,5,1994,1994,HdBoard,0.0,928.0,201000.0
90,RL,8777,Inside,Duplex,7,1900,2003,MetalSd,0.0,1272.0,145900.0
20,RL,10237,Inside,1Fam,5,2005,2006,VinylSd,0.0,1316.0,169990.0
120,RL,8012,Inside,TwnhsE,5,1993,1994,Plywood,841.0,1604.0,193000.0
20,RL,10240,Inside,1Fam,6,1980,1980,Plywood,1061.0,1686.0,207500.0
20,RL,15611,Corner,1Fam,6,1977,1977,VinylSd,93.0,1126.0,175000.0
60,RL,11999,Inside,1Fam,5,2003,2004,VinylSd,0.0,1181.0,285000.0
60,RL,9900,Inside,1Fam,5,1968,1968,MetalSd,0.0,832.0,176000.0
20,RL,11838,Inside,1Fam,5,2001,2001,VinylSd,0.0,1753.0,236500.0
60,RL,13006,Corner,1Fam,5,1997,1997,HdBoard,0.0,964.0,222000.0
20,RL,8925,Inside,1Fam,5,2007,2007,VinylSd,0.0,1466.0,201000.0
20,RL,9100,Inside,1Fam,6,1965,1965,VinylSd,466.0,925.0,117500.0
20,RL,11670,Corner,1Fam,5,2006,2006,VinylSd,0.0,1905.0,320000.0
20,RL,8487,FR2,1Fam,5,2004,2004,VinylSd,0.0,1500.0,190000.0
20,RL,27650,Inside,1Fam,7,1960,2007,Wd Sdng,0.0,585.0,242000.0
30,RL,5825,Inside,1Fam,5,1926,1953,MetalSd,0.0,600.0,79900.0
20,RL,10083,Inside,1Fam,5,2003,2003,VinylSd,0.0,1176.0,184900.0
60,RL,9675,Inside,1Fam,5,2005,2005,VinylSd,0.0,1113.0,253000.0
60,RL,8760,Inside,1Fam,5,2006,2006,VinylSd,0.0,1391.0,239799.0
70,RL,24090,Inside,1Fam,7,1940,1950,MetalSd,0.0,1032.0,244400.0
90,RL,12640,Inside,Duplex,5,1976,1976,Plywood,396.0,1728.0,150900.0
60,RL,8755,FR2,1Fam,5,1999,1999,VinylSd,0.0,992.0,214000.0
90,RL,7711,Inside,Duplex,3,1977,1977,MetalSd,0.0,1440.0,150000.0
90,RL,25000,Inside,Duplex,4,1967,1967,HdBoard,0.0,1632.0,143000.0
20,RL,14375,CulDSac,1Fam,6,1958,1958,HdBoard,354.0,819.0,137500.0
50,RM,8820,Corner,1Fam,6,1890,1996,VinylSd,0.0,1088.0,124900.0
80,RL,8163,Inside,1Fam,6,1959,1959,HdBoard,294.0,1144.0,143000.0
20,RL,14536,Inside,1Fam,5,2002,2003,VinylSd,0.0,1616.0,270000.0
60,RL,14006,Inside,1Fam,5,2002,2002,VinylSd,0.0,936.0,192500.0
20,RL,9360,Inside,1Fam,7,1972,2006,Plywood,0.0,1161.0,197500.0
20,RL,7200,Inside,1Fam,8,1950,2002,VinylSd,149.0,864.0,129000.0
20,RH,7800,Corner,1Fam,5,1965,1965,VinylSd,0.0,828.0,119900.0
85,RL,7200,Inside,1Fam,8,1972,2003,WdShing,0.0,768.0,133900.0
60,RL,11075,Inside,1Fam,4,1969,1969,HdBoard,193.0,784.0,172000.0
90,RL,9400,CulDSac,Duplex,5,1975,1975,WdShing,0.0,945.0,127500.0
90,RH,7136,Inside,Duplex,6,1946,1950,MetalSd,0.0,979.0,145000.0
160,RM,1300,Inside,TwnhsE,6,1980,1980,MetalSd,0.0,561.0,124000.0
20,RL,7420,Inside,1Fam,5,1962,1962,MetalSd,0.0,1057.0,132000.0
20,RL,8450,Inside,1Fam,5,2003,2003,VinylSd,0.0,1337.0,185000.0
160,FV,2572,FR2,Twnhs,5,1999,1999,MetalSd,0.0,696.0,155000.0
20,RL,7207,Inside,1Fam,7,1958,2008,Wd Sdng,0.0,858.0,116500.0
60,RL,12227,Corner,1Fam,7,1977,1995,HdBoard,0.0,1330.0,272000.0
160,RL,2308,Corner,TwnhsE,6,1976,1976,Plywood,0.0,804.0,155000.0
20,RL,11923,Corner,1Fam,5,2007,2007,VinylSd,0.0,1800.0,239000.0
60,RL,11316,Corner,1Fam,5,2002,2003,VinylSd,0.0,817.0,214900.0
60,RL,10237,Inside,1Fam,5,2005,2007,VinylSd,0.0,783.0,178900.0
50,RL,9600,Inside,1Fam,7,1940,1950,MetalSd,0.0,728.0,160000.0
20,RL,7390,Inside,1Fam,7,1955,1955,Wd Sdng,0.0,1098.0,135000.0
50,RM,5925,Inside,1Fam,6,1910,1950,VinylSd,0.0,600.0,37900.0
190,RL,10382,Inside,2fmCon,5,1958,1958,HdBoard,0.0,588.0,140000.0
50,RL,10800,Inside,1Fam,4,1949,1950,AsbShng,0.0,720.0,135000.0
160,RL,2268,Inside,Twnhs,5,2003,2004,VinylSd,0.0,764.0,173000.0
120,RL,7892,Inside,TwnhsE,5,1979,1979,Plywood,0.0,918.0,99500.0
20,FV,11639,Corner,1Fam,5,2007,2008,CemntBd,0.0,1428.0,182000.0
70,RL,11414,Corner,1Fam,8,1910,1993,HdBoard,0.0,728.0,167500.0
160,FV,2651,FR2,Twnhs,5,2000,2000,MetalSd,0.0,673.0,165000.0
30,RL,5900,Inside,1Fam,7,1923,1958,Wd Sdng,0.0,440.0,85500.0
120,FV,4274,Inside,TwnhsE,5,2006,2007,VinylSd,0.0,1241.0,199900.0
20,RL,9450,Inside,1Fam,5,1954,1954,MetalSd,0.0,894.0,110000.0
20,RL,8816,Corner,1Fam,6,1963,1963,VinylSd,0.0,1121.0,139000.0
85,RL,12122,Corner,1Fam,9,1961,2007,CemntBd,0.0,944.0,178400.0
60,RL,12203,Corner,1Fam,5,1998,1999,VinylSd,0.0,1225.0,336000.0
20,RL,3182,Inside,1Fam,5,2007,2007,VinylSd,0.0,1266.0,159895.0
60,RL,11250,Corner,1Fam,5,2002,2002,CemntBd,0.0,1128.0,255900.0
90,RL,10125,Inside,Duplex,5,1977,1977,Plywood,0.0,0.0,126000.0
190,RL,10880,Inside,2fmCon,5,1950,1950,MetalSd,0.0,1164.0,125000.0
50,RM,5310,Corner,1Fam,8,1910,2003,VinylSd,0.0,485.0,117000.0
20,RL,10159,Inside,1Fam,5,2009,2010,VinylSd,0.0,1930.0,395192.0
60,RL,12046,Inside,1Fam,6,1976,1976,Plywood,0.0,848.0,195000.0
60,FV,8125,Inside,1Fam,5,2006,2006,VinylSd,0.0,770.0,197000.0
60,RL,9452,Inside,1Fam,5,1997,1998,VinylSd,0.0,1396.0,348000.0
70,RM,17671,Corner,1Fam,9,1882,1986,Wd Sdng,0.0,916.0,168000.0
60,RL,9760,Inside,1Fam,8,1964,1993,Wd Sdng,117.0,822.0,187000.0
60,RL,8846,Inside,1Fam,5,2005,2006,VinylSd,0.0,750.0,173900.0
20,RL,12456,FR2,1Fam,5,2006,2007,CemntBd,0.0,1700.0,337500.0
50,RL,4712,Inside,1Fam,7,1946,1950,MetalSd,0.0,747.0,121600.0
20,RL,10659,Inside,1Fam,6,1961,1961,Wd Sdng,0.0,1050.0,136500.0
20,RL,11717,Inside,1Fam,6,1970,1970,HdBoard,0.0,1442.0,185000.0
30,RM,9786,Inside,1Fam,4,1922,1950,Wd Sdng,0.0,1007.0,91000.0
20,RL,6762,Inside,1Fam,5,2006,2006,VinylSd,0.0,1187.0,206000.0
20,RL,10206,Corner,1Fam,3,1952,1952,BrkComm,0.0,0.0,82000.0
30,RL,5400,Corner,1Fam,6,1920,1950,Wd Sdng,0.0,691.0,86000.0
20,RL,11957,Inside,1Fam,5,2006,2006,VinylSd,0.0,1574.0,232000.0
90,RL,11500,Corner,Duplex,6,1976,1976,VinylSd,0.0,1680.0,136905.0
120,RL,3182,Inside,TwnhsE,5,2005,2006,VinylSd,0.0,1346.0,181000.0
80,RL,8385,Inside,1Fam,8,1977,1977,HdBoard,0.0,985.0,149900.0
20,RL,12155,Inside,1Fam,3,1970,1970,Plywood,0.0,1657.0,163500.0
160,RM,2217,Inside,TwnhsE,4,1970,1970,CemntBd,273.0,546.0,88000.0
20,RL,12118,CulDSac,1Fam,5,2004,2005,VinylSd,0.0,1710.0,240000.0
50,RL,6000,Inside,1Fam,5,1926,1950,Wd Sdng,0.0,1008.0,102000.0
50,RL,21286,Inside,1Fam,5,1948,1950,Wd Sdng,0.0,720.0,135000.0
90,RL,9825,Inside,Duplex,5,1965,1965,AsphShn,0.0,0.0,100000.0
70,RL,10592,Inside,1Fam,7,1923,1996,Wd Sdng,0.0,602.0,165000.0
30,RM,7200,Inside,1Fam,4,1910,2006,MetalSd,465.0,1022.0,85000.0
20,RL,11664,Inside,1Fam,5,1948,1950,MetalSd,0.0,1082.0,119200.0
60,RL,8400,Inside,1Fam,6,2001,2001,VinylSd,0.0,810.0,227000.0
20,RL,11883,Inside,1Fam,5,1996,1996,VinylSd,0.0,1504.0,203000.0
120,RL,5814,CulDSac,TwnhsE,5,1984,1984,HdBoard,0.0,1220.0,187500.0
80,RL,10784,FR2,1Fam,5,1991,1992,HdBoard,0.0,384.0,160000.0
120,RL,3013,Inside,TwnhsE,5,2005,2005,VinylSd,0.0,1362.0,213490.0
20,RL,7024,Inside,1Fam,5,2005,2005,VinylSd,0.0,1132.0,176000.0
20,RL,7406,Inside,1Fam,5,2006,2006,VinylSd,0.0,1199.0,194000.0
50,RM,9439,Inside,1Fam,5,1930,1950,Wd Sdng,0.0,912.0,87000.0
120,RL,3182,Inside,TwnhsE,5,2005,2006,VinylSd,0.0,1346.0,191000.0
20,RL,15498,Corner,1Fam,6,1976,1976,Stone,400.0,1565.0,287000.0
20,RL,7700,Corner,1Fam,5,1972,1972,VinylSd,468.0,882.0,112500.0
20,RL,9300,Inside,1Fam,5,1960,1960,MetalSd,0.0,1268.0,167500.0
20,RL,9520,Inside,1Fam,5,2007,2008,VinylSd,0.0,1638.0,293077.0
50,RL,9492,Inside,1Fam,5,1941,1950,WdShing,41.0,768.0,105000.0
160,RM,1680,Inside,Twnhs,7,1972,1972,HdBoard,0.0,672.0,118000.0
190,RH,7082,Inside,2fmCon,8,1916,1995,VinylSd,0.0,686.0,160000.0
75,RL,15863,Corner,1Fam,3,1920,1970,Wd Sdng,0.0,824.0,197000.0
60,RL,14541,Corner,1Fam,7,1993,1993,MetalSd,0.0,1338.0,310000.0
20,RL,8125,Inside,1Fam,5,2002,2002,VinylSd,0.0,1654.0,230000.0
30,RL,6305,Inside,1Fam,7,1938,1950,MetalSd,0.0,920.0,119750.0
20,RL,11500,CulDSac,1Fam,3,1957,1957,Wd Sdng,0.0,0.0,84000.0
20,RL,12898,Inside,1Fam,5,2007,2008,VinylSd,0.0,1620.0,315500.0
60,RL,9240,Inside,1Fam,5,2001,2002,VinylSd,0.0,1055.0,287000.0
160,RM,1533,Inside,Twnhs,6,1970,2008,CemntBd,0.0,546.0,97000.0
180,RM,1477,Inside,TwnhsE,4,1970,1970,CemntBd,0.0,630.0,80000.0
20,RL,13125,Corner,1Fam,4,1957,2000,Wd Sdng,682.0,1134.0,155000.0
60,RL,9130,Inside,1Fam,8,1966,2000,HdBoard,64.0,800.0,173000.0
120,RL,5381,Inside,Twnhs,5,2005,2005,VinylSd,0.0,1306.0,196000.0
60,RL,11839,Inside,1Fam,5,1990,1990,HdBoard,0.0,1475.0,262280.0
20,RL,9600,Inside,1Fam,5,1981,1981,BrkFace,0.0,2524.0,278000.0
20,RL,13680,CulDSac,1Fam,5,1955,1955,BrkFace,0.0,0.0,139600.0
20,RL,9245,Inside,1Fam,5,1994,1995,VinylSd,0.0,990.0,145000.0
20,RL,21750,Inside,1Fam,4,1960,2006,HdBoard,0.0,0.0,115000.0
20,RL,11100,Inside,1Fam,7,1946,2006,MetalSd,0.0,0.0,84900.0
20,RL,8993,Inside,1Fam,5,2007,2007,VinylSd,0.0,1302.0,176485.0
20,RL,11175,Corner,1Fam,5,2007,2007,VinylSd,0.0,1316.0,200141.0
60,RL,9500,Corner,1Fam,6,1964,1978,VinylSd,0.0,816.0,165000.0
20,RL,8562,Inside,1Fam,6,1957,2002,HdBoard,0.0,1216.0,144500.0
60,RL,11367,Corner,1Fam,5,2002,2002,VinylSd,0.0,1065.0,255000.0
20,RL,11361,Inside,1Fam,5,1976,1976,Plywood,0.0,1193.0,180000.0
120,RL,7052,Inside,TwnhsE,5,2005,2005,VinylSd,0.0,1364.0,185850.0
60,RL,29959,FR2,1Fam,6,1994,1994,HdBoard,0.0,973.0,248000.0
60,RL,11308,Inside,1Fam,5,2008,2008,VinylSd,0.0,1104.0,335000.0
50,RL,11275,Corner,1Fam,7,1932,1950,MetalSd,557.0,854.0,220000.0
120,RL,4920,Inside,TwnhsE,5,2001,2001,CemntBd,0.0,1338.0,213500.0
30,C (all),18000,Inside,1Fam,4,1935,1950,MetalSd,0.0,894.0,81000.0
190,RM,13600,Inside,2fmCon,5,1900,1950,Wd Sdng,0.0,662.0,90000.0
30,RM,6000,Inside,1Fam,6,1925,1980,MetalSd,0.0,1103.0,110500.0
20,RL,11000,CulDSac,1Fam,6,1966,1966,Plywood,230.0,1154.0,154000.0
60,RL,14000,Inside,1Fam,5,1996,1997,Wd Sdng,0.0,1306.0,328000.0
60,RL,7837,Inside,1Fam,7,1993,1994,VinylSd,0.0,799.0,178000.0
60,RL,9760,Inside,1Fam,6,1964,1964,HdBoard,106.0,780.0,167900.0
160,RM,3964,Inside,TwnhsE,4,1973,1973,CemntBd,0.0,942.0,151400.0
45,RL,9600,Inside,1Fam,7,1949,2003,MetalSd,0.0,845.0,135000.0
20,RL,10152,Inside,1Fam,5,1956,1956,MetalSd,0.0,1048.0,135000.0
60,RL,11700,Inside,1Fam,6,1968,1968,MetalSd,0.0,727.0,154000.0
50,RL,7585,Inside,1Fam,3,1948,1950,MetalSd,0.0,810.0,91500.0
60,RL,7950,Corner,1Fam,6,1977,1977,HdBoard,0.0,690.0,159500.0
20,RL,8556,Inside,1Fam,5,2006,2006,VinylSd,0.0,1240.0,194000.0
70,RL,13125,Inside,1Fam,6,1940,1984,Wd Sdng,0.0,800.0,219500.0
50,RL,10800,Inside,1Fam,8,1936,1989,Wd Sdng,0.0,796.0,170000.0
20,RL,15870,Corner,1Fam,5,1969,1969,VinylSd,791.0,1096.0,138800.0
120,RM,4435,Inside,TwnhsE,5,2004,2004,VinylSd,0.0,848.0,155900.0
20,RL,8775,Inside,1Fam,5,1994,1994,VinylSd,0.0,990.0,126000.0
20,RL,11040,Inside,1Fam,7,1971,2004,VinylSd,0.0,1258.0,145000.0
20,RL,7500,Corner,1Fam,5,1963,1963,HdBoard,0.0,1040.0,133000.0
20,RL,8749,Inside,1Fam,5,2002,2002,VinylSd,0.0,1459.0,192000.0
20,RL,8800,Inside,1Fam,6,1964,1964,HdBoard,0.0,1251.0,160000.0
60,RL,13031,Corner,1Fam,5,1995,1996,HdBoard,0.0,691.0,187500.0
85,RL,9069,Inside,1Fam,6,1992,1992,HdBoard,0.0,936.0,147000.0
160,RM,1974,Inside,TwnhsE,5,1973,1973,CemntBd,0.0,546.0,83500.0
60,FV,10574,Inside,1Fam,5,2005,2006,VinylSd,0.0,1082.0,252000.0
160,RM,2522,Inside,Twnhs,5,2004,2004,VinylSd,0.0,970.0,137500.0
120,FV,3316,Inside,TwnhsE,5,2005,2005,MetalSd,0.0,1247.0,197000.0
90,RL,8544,Corner,Duplex,4,1950,1950,BrkFace,0.0,0.0,92900.0
160,FV,2160,Inside,Twnhs,5,1999,2000,MetalSd,0.0,600.0,160000.0
50,RL,8400,Inside,1Fam,5,1925,1950,MetalSd,0.0,1181.0,136500.0
20,RL,9230,Corner,1Fam,8,1965,1998,MetalSd,0.0,864.0,146000.0
20,RL,5868,Inside,1Fam,7,1956,2000,MetalSd,240.0,936.0,129000.0
20,RL,9317,Inside,1Fam,5,2006,2006,VinylSd,0.0,1314.0,176432.0
70,RM,6882,Inside,1Fam,7,1914,2006,Wd Sdng,0.0,684.0,127000.0
120,RL,3696,Inside,TwnhsE,5,1986,1986,HdBoard,0.0,1074.0,170000.0
50,RM,6000,Inside,1Fam,6,1936,1950,MetalSd,0.0,672.0,128000.0
20,RL,11880,Inside,1Fam,5,1978,1978,Plywood,0.0,1271.0,157000.0
30,RL,8400,Inside,1Fam,5,1920,1950,Wd Sdng,0.0,290.0,60000.0
20,RL,9758,Inside,1Fam,5,1971,1971,HdBoard,287.0,950.0,119500.0
20,RL,7000,Inside,1Fam,7,1960,2002,Wd Sdng,0.0,1010.0,135000.0
20,RL,8910,Corner,1Fam,6,1959,1959,BrkFace,0.0,655.0,159500.0
160,RM,2016,Inside,TwnhsE,5,1970,1970,HdBoard,0.0,630.0,106000.0
60,RL,12256,Corner,1Fam,5,1994,1995,HdBoard,0.0,1463.0,325000.0
20,RL,10357,Corner,1Fam,5,1990,1991,HdBoard,0.0,910.0,179900.0
60,RL,23257,CulDSac,1Fam,5,2006,2006,VinylSd,0.0,868.0,274725.0
60,RL,8063,Inside,1Fam,5,2000,2000,VinylSd,0.0,924.0,181000.0
20,RL,11362,Inside,1Fam,5,2004,2005,MetalSd,0.0,1836.0,280000.0
60,RL,8000,Inside,1Fam,5,1995,1996,HdBoard,0.0,773.0,188000.0
60,RL,10480,Inside,1Fam,6,1976,1976,Plywood,0.0,803.0,205000.0
20,RL,7100,Corner,1Fam,7,1957,1957,WdShing,0.0,816.0,129900.0
20,RL,8923,Inside,1Fam,7,1953,2006,Wd Sdng,0.0,1008.0,134500.0
20,RL,5400,Inside,1Fam,7,1954,2000,MetalSd,0.0,833.0,117000.0
20,RL,12085,Inside,1Fam,5,2007,2007,VinylSd,0.0,1734.0,318000.0
80,RL,7750,Inside,1Fam,5,2002,2002,VinylSd,0.0,408.0,184100.0
20,RL,9764,FR2,1Fam,7,1967,2003,VinylSd,0.0,894.0,130000.0
80,RL,13825,Inside,1Fam,6,1958,1987,MetalSd,0.0,533.0,140000.0
20,RL,7560,Inside,1Fam,5,1959,1959,BrkFace,0.0,1040.0,133700.0
30,RM,8263,Inside,1Fam,5,1920,1950,BrkFace,0.0,1012.0,118400.0
20,RL,10084,Inside,1Fam,5,2005,2006,VinylSd,0.0,1552.0,212900.0
20,RL,8926,Corner,1Fam,3,1956,1956,AsbShng,0.0,672.0,112000.0
20,RL,9405,Inside,1Fam,9,1947,2008,VinylSd,0.0,698.0,118000.0
80,RL,9125,Inside,1Fam,5,1992,1992,HdBoard,0.0,384.0,163900.0
20,RL,10434,Inside,1Fam,5,1955,1955,Plywood,0.0,1005.0,115000.0
120,RL,3684,Inside,TwnhsE,5,2007,2007,VinylSd,0.0,1373.0,174000.0
20,RL,14572,Corner,1Fam,5,2004,2004,VinylSd,0.0,1530.0,259000.0
60,RL,11796,Inside,1Fam,5,2004,2005,VinylSd,0.0,847.0,215000.0
90,RM,7200,Inside,Duplex,5,1980,1980,MetalSd,0.0,936.0,140000.0
50,RL,7804,Inside,1Fam,3,1928,1950,WdShing,0.0,1122.0,135000.0
20,RL,10712,Inside,1Fam,5,1991,1992,HdBoard,0.0,974.0,93500.0
70,RM,9900,Inside,1Fam,4,1880,1950,Wd Sdng,0.0,1008.0,117500.0
60,RL,9828,Inside,1Fam,5,1995,1995,VinylSd,0.0,1128.0,239500.0
60,RL,8773,Inside,1Fam,5,1997,1997,VinylSd,0.0,916.0,169000.0
30,RM,6180,Corner,1Fam,5,1926,1950,Wd Sdng,0.0,960.0,102000.0
50,RL,9600,Inside,1Fam,5,1950,1950,VinylSd,0.0,1032.0,119000.0
50,RL,6342,Inside,1Fam,8,1875,1996,VinylSd,0.0,780.0,94000.0
20,RL,9819,Inside,1Fam,5,1977,1977,Plywood,0.0,1567.0,196000.0
30,RL,8731,Inside,1Fam,5,1920,1950,Stucco,0.0,915.0,144000.0
20,RL,7350,Corner,1Fam,7,1951,1951,HdBoard,0.0,952.0,139000.0
60,RL,10304,CulDSac,1Fam,7,1976,1976,Plywood,0.0,780.0,197500.0
60,RL,9965,Inside,1Fam,5,2006,2007,VinylSd,0.0,1466.0,424870.0
20,RL,9000,Inside,1Fam,3,1959,1959,Wd Sdng,0.0,1006.0,80000.0
190,RL,12180,Inside,2fmCon,4,1941,1950,MetalSd,0.0,672.0,80000.0
50,RM,6240,Inside,1Fam,6,1928,1950,MetalSd,0.0,1042.0,149000.0
20,RL,11200,Inside,1Fam,5,1985,1985,Wd Sdng,0.0,1298.0,180000.0
70,RL,12000,Inside,1Fam,7,1941,1950,MetalSd,0.0,704.0,174500.0
50,RM,5700,Inside,1Fam,7,1926,1950,Wd Sdng,0.0,572.0,116900.0
70,RM,9000,Inside,1Fam,9,1920,1988,VinylSd,0.0,650.0,143000.0
20,RL,8280,Inside,1Fam,5,1950,1950,BrkFace,0.0,932.0,124000.0
20,RL,17755,Inside,1Fam,4,1959,1959,HdBoard,0.0,1466.0,149900.0
20,RL,14115,Inside,1Fam,7,1956,2004,Stone,547.0,1073.0,230000.0
30,RM,5890,Corner,1Fam,8,1930,2007,Wd Sdng,0.0,816.0,120500.0
60,RL,13700,Inside,1Fam,6,1965,1988,VinylSd,0.0,864.0,201800.0
20,RL,10768,Corner,1Fam,8,1976,2004,Plywood,0.0,1437.0,218000.0
80,RL,9350,Inside,1Fam,8,1965,1999,BrkFace,0.0,1219.0,179900.0
120,RL,5001,Inside,Twnhs,5,2007,2008,VinylSd,0.0,1314.0,230000.0
20,RL,11932,FR2,1Fam,5,2007,2008,VinylSd,0.0,1580.0,235128.0
60,RL,9120,Inside,1Fam,6,1974,1974,HdBoard,0.0,901.0,185000.0
160,RL,2280,Inside,Twnhs,5,1978,1978,Plywood,0.0,855.0,146000.0
20,RL,14778,CulDSac,1Fam,7,1954,2006,HdBoard,0.0,1296.0,224000.0
20,RL,8724,Inside,1Fam,5,1968,1968,VinylSd,0.0,894.0,129000.0
90,RL,12900,Inside,Duplex,4,1969,1969,Plywood,0.0,1198.0,108959.0
80,RL,16157,FR2,1Fam,7,1978,1978,Plywood,391.0,1360.0,194000.0
20,RL,9541,Inside,1Fam,5,2009,2009,VinylSd,0.0,1502.0,233170.0
20,RL,10475,Corner,1Fam,5,2008,2008,VinylSd,0.0,1694.0,245350.0
60,RL,10852,Inside,1Fam,5,2000,2000,VinylSd,0.0,959.0,173000.0
70,RL,13728,Corner,1Fam,7,1935,1986,Stucco,0.0,1127.0,235000.0
80,RL,9880,Inside,1Fam,6,1977,1977,Plywood,0.0,1096.0,171000.0
20,RL,9120,Inside,1Fam,6,1958,1958,MetalSd,0.0,1261.0,163000.0
160,FV,4017,Inside,TwnhsE,5,2006,2007,MetalSd,0.0,625.0,171900.0
50,RL,18030,Inside,1Fam,6,1946,1994,MetalSd,469.0,1598.0,200500.0
70,RL,16560,Inside,1Fam,8,1932,1950,Wd Sdng,0.0,952.0,239000.0
50,RL,10678,Inside,1Fam,5,1992,2000,HdBoard,0.0,1683.0,285000.0
20,RL,6951,CulDSac,1Fam,5,1984,1985,HdBoard,0.0,876.0,119500.0
50,RM,3950,Inside,1Fam,8,1926,2004,MetalSd,0.0,818.0,115000.0
50,RL,7681,FR2,1Fam,6,1921,1950,Wd Sdng,0.0,731.0,154900.0
20,RL,8335,Corner,1Fam,5,1954,1954,Wd Sdng,0.0,0.0,93000.0
60,RL,11170,Corner,1Fam,5,1990,1991,MetalSd,0.0,1216.0,250000.0
120,RM,5587,Inside,TwnhsE,5,2008,2008,CemntBd,0.0,1600.0,392500.0
30,RL,10800,Inside,1Fam,6,1920,1950,Stucco,0.0,1120.0,120000.0
20,RL,35133,Inside,1Fam,4,1963,1963,MetalSd,0.0,1572.0,186700.0
50,RL,9738,Inside,1Fam,7,1924,1950,AsbShng,0.0,784.0,104900.0
190,RL,10615,Corner,2fmCon,5,1900,1970,HdBoard,0.0,978.0,95000.0
20,RL,12461,Corner,1Fam,5,1994,1995,ImStucc,0.0,1624.0,262000.0
60,RL,8935,Inside,1Fam,5,2002,2002,VinylSd,0.0,831.0,195000.0
60,RL,7500,Inside,1Fam,5,1999,1999,VinylSd,0.0,994.0,189000.0
190,RL,32463,Inside,2fmCon,4,1961,1975,MetalSd,0.0,1249.0,168000.0
160,FV,2645,Inside,Twnhs,5,1999,2000,MetalSd,0.0,776.0,174000.0
50,RM,9600,Inside,1Fam,8,1925,1994,VinylSd,0.0,702.0,125000.0
120,RM,4500,FR2,TwnhsE,5,1999,1999,VinylSd,0.0,1224.0,165000.0
60,RL,9364,Corner,1Fam,7,1969,1969,HdBoard,0.0,663.0,158000.0
60,RL,8029,Inside,1Fam,5,2005,2005,VinylSd,0.0,728.0,176000.0
60,RL,14054,Inside,1Fam,5,2006,2006,VinylSd,0.0,879.0,219210.0
75,RM,8850,Corner,1Fam,6,1916,1950,MetalSd,0.0,815.0,144000.0
20,RL,9100,Inside,1Fam,5,2001,2001,VinylSd,0.0,1212.0,178000.0
20,RL,11235,Inside,1Fam,5,1963,1979,HdBoard,0.0,1051.0,148000.0
20,RL,9353,Inside,1Fam,5,1970,1970,MetalSd,0.0,864.0,116050.0
60,RL,10400,Corner,1Fam,5,1998,1998,VinylSd,0.0,866.0,197900.0
50,RM,6000,Corner,1Fam,8,1925,1997,Wd Sdng,0.0,884.0,117000.0
20,RL,9750,Inside,1Fam,5,2000,2001,VinylSd,0.0,1630.0,213000.0
20,RL,10140,Inside,1Fam,6,1975,1975,HdBoard,0.0,1056.0,153500.0
20,RL,14684,CulDSac,1Fam,7,1990,1991,HdBoard,177.0,2158.0,271900.0
20,RH,8900,Inside,1Fam,4,1966,1966,HdBoard,0.0,1056.0,107000.0
20,RL,9135,Inside,1Fam,5,2003,2003,VinylSd,0.0,1682.0,200000.0
20,RL,7763,Inside,1Fam,7,1962,1980,MetalSd,108.0,931.0,140000.0
20,RL,10182,CulDSac,1Fam,5,2006,2006,VinylSd,0.0,1660.0,290000.0
60,RL,11218,Inside,1Fam,5,1992,1992,Wd Sdng,0.0,1055.0,189000.0
50,RL,12134,Inside,1Fam,7,1988,2005,Wd Sdng,0.0,559.0,164000.0
30,RL,9340,Inside,1Fam,6,1941,1950,MetalSd,0.0,672.0,113000.0
80,RL,10246,CulDSac,1Fam,9,1965,2001,VinylSd,0.0,648.0,145000.0
85,RL,10205,Inside,1Fam,5,1962,1962,MetalSd,0.0,925.0,134500.0
20,RL,7094,Inside,1Fam,5,1966,1966,VinylSd,374.0,894.0,125000.0
90,RM,8930,Inside,Duplex,5,1978,1978,VinylSd,0.0,0.0,112000.0
20,FV,8640,Inside,1Fam,5,2009,2009,CemntBd,0.0,1300.0,229456.0
50,RM,6240,Inside,1Fam,5,1947,1950,AsbShng,0.0,0.0,80500.0
160,RM,1680,Inside,Twnhs,5,1971,1971,CemntBd,0.0,672.0,91500.0
20,RL,7800,Inside,1Fam,5,1964,1964,Wd Sdng,600.0,912.0,115000.0
20,RL,8250,Inside,1Fam,5,1968,1968,HdBoard,492.0,952.0,134000.0
50,RL,10496,Inside,1Fam,6,1949,1950,Wd Sdng,0.0,1040.0,143000.0
20,RL,10680,Inside,1Fam,3,1951,1951,Wd Sdng,0.0,2136.0,137900.0
60,RL,15384,Inside,1Fam,5,2004,2005,VinylSd,0.0,788.0,184000.0
80,RL,10482,Inside,1Fam,8,1958,1958,VinylSd,0.0,588.0,145000.0
60,RL,14598,CulDSac,1Fam,5,2007,2007,VinylSd,0.0,894.0,214000.0
20,RL,8872,Corner,1Fam,8,1965,2008,VinylSd,0.0,912.0,147000.0
120,RL,8769,Corner,TwnhsE,5,2008,2008,MetalSd,0.0,1702.0,367294.0
80,RL,7910,Inside,1Fam,5,1960,1960,BrkFace,0.0,1075.0,127000.0
90,RL,18890,Inside,Duplex,5,1977,1977,Plywood,211.0,1361.0,190000.0
90,RL,7728,Inside,Duplex,6,1962,1962,Wd Sdng,0.0,1106.0,132500.0
90,RL,9842,FR2,Duplex,5,1962,1962,HdBoard,0.0,0.0,101800.0
20,RL,12160,Inside,1Fam,5,1959,1959,Plywood,0.0,1188.0,142000.0
70,RH,8525,Inside,1Fam,6,1911,1950,MetalSd,0.0,940.0,130000.0
70,RL,13132,Inside,1Fam,5,1914,1950,Wd Sdng,0.0,747.0,138887.0
160,RL,2628,Inside,Twnhs,5,2003,2003,VinylSd,0.0,764.0,175500.0
60,RL,12393,FR2,1Fam,5,2004,2005,VinylSd,0.0,847.0,195000.0
20,RL,13072,Inside,1Fam,5,2005,2005,VinylSd,0.0,1141.0,142500.0
20,RL,9037,Inside,1Fam,5,2006,2006,VinylSd,0.0,1476.0,265900.0
60,RL,8158,Inside,1Fam,5,2003,2003,VinylSd,0.0,884.0,224900.0
20,RL,9849,Inside,1Fam,6,2007,2007,VinylSd,0.0,1689.0,248328.0
85,RL,10625,Inside,1Fam,6,1974,1974,Plywood,168.0,1053.0,170000.0
20,RL,13891,Inside,1Fam,5,2006,2006,VinylSd,0.0,2076.0,465000.0
70,RL,11435,Corner,1Fam,7,1929,1950,BrkFace,0.0,792.0,230000.0
80,RL,12090,Inside,1Fam,7,1984,2003,VinylSd,0.0,585.0,178000.0
60,FV,8125,Inside,1Fam,5,2005,2006,VinylSd,0.0,756.0,186500.0
80,RL,12328,Inside,1Fam,5,1976,1976,HdBoard,0.0,1012.0,169900.0
75,RM,9600,Inside,1Fam,5,1917,1950,AsbShng,0.0,735.0,129500.0
20,RL,7200,Inside,1Fam,7,1950,1950,MetalSd,96.0,876.0,119000.0
20,RL,11160,Corner,1Fam,5,1968,1968,BrkFace,0.0,2110.0,244000.0
120,RL,3136,Corner,TwnhsE,5,2003,2003,VinylSd,0.0,1405.0,171750.0
20,RL,9858,Inside,1Fam,6,1968,1968,HdBoard,0.0,864.0,130000.0
60,RL,17542,Inside,1Fam,7,1974,2003,Wd Sdng,1031.0,1192.0,294000.0
60,RL,6931,Inside,1Fam,5,2003,2004,VinylSd,0.0,746.0,165400.0
50,RM,6240,Inside,1Fam,6,1931,1950,Wd Sdng,0.0,884.0,127500.0
20,RL,14303,Corner,1Fam,5,1994,1994,HdBoard,0.0,1986.0,301500.0
30,RL,4060,Corner,1Fam,8,1922,1950,Wd Sdng,0.0,864.0,99900.0
80,RL,9587,Inside,1Fam,5,2005,2005,VinylSd,0.0,856.0,190000.0
20,RL,9750,FR2,1Fam,8,1969,1969,HdBoard,438.0,1054.0,151000.0
60,RL,24682,CulDSac,1Fam,5,1999,1999,VinylSd,0.0,841.0,181000.0
20,RL,9600,Inside,1Fam,6,1956,1956,MetalSd,0.0,1050.0,128900.0
50,RL,11250,Inside,1Fam,5,1957,1989,Wd Sdng,0.0,1104.0,161500.0
70,RL,13515,Inside,1Fam,6,1919,1950,Wd Sdng,0.0,764.0,180500.0
120,RH,4060,Inside,TwnhsE,5,1998,1999,MetalSd,0.0,1405.0,181000.0
160,FV,3735,FR3,TwnhsE,5,1999,1999,MetalSd,0.0,691.0,183900.0
190,RM,10120,Inside,2fmCon,4,1910,1950,Wd Sdng,0.0,925.0,122000.0
20,RL,13214,Inside,1Fam,5,2008,2009,Stucco,0.0,2002.0,378500.0
50,RL,14100,Inside,1Fam,9,1935,1997,Stucco,0.0,728.0,381000.0
50,RL,11344,Inside,1Fam,5,1958,1958,MetalSd,0.0,874.0,144000.0
40,RL,23595,Inside,1Fam,6,1979,1979,Plywood,0.0,1332.0,260000.0
20,RL,9156,Inside,1Fam,7,1968,1968,BrkFace,0.0,1489.0,185750.0
20,RL,13526,CulDSac,1Fam,6,1965,1965,HdBoard,375.0,935.0,137000.0
80,RL,11512,Corner,1Fam,7,1959,2006,Plywood,0.0,1019.0,177000.0
50,RL,5362,Corner,1Fam,6,1910,2003,Wd Sdng,0.0,661.0,139000.0
90,RL,11345,Corner,Duplex,5,1948,1950,AsbShng,0.0,928.0,137000.0
60,RL,12936,CulDSac,1Fam,6,1972,1972,HdBoard,0.0,723.0,162000.0
80,RL,17871,CulDSac,1Fam,5,1967,1976,HdBoard,0.0,1680.0,197900.0
60,RL,9473,Inside,1Fam,5,2002,2002,VinylSd,0.0,1128.0,237000.0
50,C (all),7500,Inside,1Fam,4,1920,1950,MetalSd,0.0,698.0,68400.0
20,RL,9808,Inside,1Fam,5,2002,2002,VinylSd,0.0,1573.0,227000.0
20,RL,8049,CulDSac,1Fam,5,1990,1990,HdBoard,0.0,1309.0,180000.0
20,RL,8800,Inside,1Fam,7,1977,2008,HdBoard,144.0,1040.0,150500.0
90,RL,9400,Corner,Duplex,5,1971,1971,MetalSd,0.0,912.0,139000.0
50,RL,9638,Inside,1Fam,7,1919,1990,Wd Sdng,0.0,804.0,169000.0
50,RM,6000,Inside,1Fam,6,1939,1950,MetalSd,0.0,780.0,132500.0
20,RL,9790,Inside,1Fam,5,1963,1963,HdBoard,81.0,1328.0,143000.0
20,RL,36500,Inside,1Fam,5,1964,1964,Wd Sdng,0.0,1624.0,190000.0
120,RL,5664,Inside,TwnhsE,5,2000,2000,CemntBd,0.0,1501.0,278000.0
60,RL,11065,Inside,1Fam,5,2006,2006,VinylSd,0.0,1085.0,281000.0
80,RL,14112,Corner,1Fam,7,1964,1964,Wd Sdng,0.0,1152.0,180500.0
160,RM,1680,Inside,Twnhs,7,1972,1972,CemntBd,0.0,630.0,119500.0
70,RM,6600,Corner,1Fam,4,1892,1965,Wd Sdng,0.0,994.0,107500.0
60,RL,10140,Inside,1Fam,5,1976,1976,HdBoard,0.0,832.0,162900.0
20,RL,8172,Inside,1Fam,7,1955,1990,WdShing,0.0,864.0,115000.0
20,RL,8400,Inside,1Fam,5,1968,1968,HdBoard,0.0,1052.0,138500.0
20,RL,8700,Inside,1Fam,6,1963,1963,MetalSd,0.0,1120.0,155000.0
180,RM,3675,Inside,TwnhsE,5,2005,2006,VinylSd,0.0,547.0,140000.0
60,RL,63887,Corner,1Fam,5,2008,2008,Stucco,0.0,6110.0,160000.0
20,RL,7500,Inside,1Fam,7,1959,1994,BrkFace,906.0,1246.0,154000.0
60,RL,10762,CulDSac,1Fam,5,1999,1999,VinylSd,0.0,978.0,225000.0
70,RL,7500,Inside,1Fam,7,1942,1950,Wd Sdng,0.0,771.0,177500.0
60,RL,10120,Inside,1Fam,5,1994,1994,VinylSd,0.0,1165.0,290000.0
20,RL,8688,Inside,1Fam,5,2005,2005,VinylSd,0.0,1616.0,232000.0
160,RM,3363,Inside,TwnhsE,5,2004,2004,VinylSd,0.0,976.0,130000.0
20,RL,13173,Corner,1Fam,5,2006,2007,VinylSd,0.0,1652.0,325000.0
120,RL,6955,Inside,TwnhsE,5,2005,2006,VinylSd,0.0,1368.0,202500.0
20,RL,8072,Inside,1Fam,5,1994,1995,VinylSd,0.0,990.0,138000.0
20,RM,12000,Inside,1Fam,7,1948,2005,MetalSd,608.0,924.0,147000.0
20,RL,7153,Inside,1Fam,5,1991,1991,HdBoard,0.0,1278.0,179200.0
20,RL,17500,Inside,1Fam,8,1959,2002,BrkFace,0.0,1902.0,335000.0
20,RL,8814,Inside,1Fam,5,2005,2007,VinylSd,0.0,1274.0,203000.0
60,RL,9572,Inside,1Fam,5,1990,1990,Wd Sdng,0.0,1453.0,302000.0
60,RL,14774,Corner,1Fam,5,1999,1999,VinylSd,0.0,1393.0,333168.0
20,RL,8190,Inside,1Fam,6,1954,1954,Wd Sdng,0.0,948.0,119000.0
60,RL,11075,Inside,1Fam,5,1969,1969,HdBoard,276.0,952.0,206900.0
20,RL,10226,Inside,1Fam,5,2008,2008,VinylSd,0.0,1622.0,295493.0
120,FV,4230,Corner,TwnhsE,5,2006,2007,VinylSd,0.0,1352.0,208900.0
20,RL,14781,CulDSac,1Fam,5,2001,2002,VinylSd,0.0,1753.0,275000.0
20,RL,10215,Inside,1Fam,5,1954,1954,Wd Sdng,0.0,864.0,111000.0
20,RL,8400,Inside,1Fam,3,1957,1957,BrkFace,661.0,1478.0,156500.0
20,RL,6627,Corner,1Fam,6,1949,1950,VinylSd,0.0,0.0,72500.0
60,RL,10186,Inside,1Fam,5,1992,1992,HdBoard,0.0,750.0,190000.0
30,RL,5330,Inside,1Fam,7,1940,1950,VinylSd,0.0,420.0,82500.0
20,RL,9986,Inside,1Fam,5,2006,2007,VinylSd,0.0,1795.0,147000.0
30,RM,3636,Inside,1Fam,4,1922,1950,AsbShng,0.0,796.0,55000.0
30,RH,4270,Inside,1Fam,6,1931,2006,MetalSd,0.0,544.0,79000.0
20,RL,6600,Inside,1Fam,9,1982,2008,VinylSd,0.0,816.0,130500.0
50,RM,10440,Corner,1Fam,7,1920,1950,BrkFace,0.0,1510.0,256000.0
60,RL,9084,Inside,1Fam,5,1998,1998,VinylSd,0.0,935.0,176500.0
20,RL,10000,Inside,1Fam,5,2006,2006,VinylSd,0.0,1588.0,227000.0
80,RL,10780,Inside,1Fam,5,1976,1976,MetalSd,0.0,911.0,132500.0
20,RL,8877,Inside,1Fam,6,1938,1958,MetalSd,0.0,816.0,100000.0
50,RM,7200,Corner,1Fam,6,1938,1995,Wd Sdng,0.0,803.0,125500.0
160,RM,2368,Inside,TwnhsE,6,1970,1970,HdBoard,0.0,765.0,125000.0
20,RL,9650,Inside,1Fam,5,1977,1977,Plywood,0.0,1350.0,167900.0
90,RL,9246,Inside,Duplex,5,1973,1973,Plywood,0.0,1656.0,135000.0
30,RM,4118,Corner,1Fam,4,1941,1950,Wd Sdng,0.0,693.0,52500.0
60,RL,13450,Corner,1Fam,5,2002,2002,VinylSd,0.0,916.0,200000.0
20,RL,9560,Corner,1Fam,7,1972,1972,MetalSd,0.0,864.0,128500.0
20,RL,8294,Inside,1Fam,5,1971,1971,MetalSd,0.0,858.0,123000.0
20,RL,13695,Inside,1Fam,5,2003,2004,VinylSd,0.0,1114.0,155000.0
60,RL,9375,Inside,1Fam,5,2002,2002,VinylSd,0.0,1284.0,228500.0
50,RL,7558,Inside,1Fam,6,1928,1950,BrkFace,0.0,896.0,177000.0
60,RL,11103,Corner,1Fam,5,2006,2006,VinylSd,0.0,728.0,155835.0
30,RM,6000,Inside,1Fam,4,1920,1950,MetalSd,0.0,960.0,108500.0
20,RL,20781,CulDSac,1Fam,7,1968,2003,BrkFace,68.0,1568.0,262500.0
20,RL,15306,Corner,1Fam,5,2006,2007,VinylSd,0.0,1732.0,283463.0
20,RL,16196,Inside,1Fam,5,1998,1998,VinylSd,0.0,1482.0,215000.0
70,RM,5250,Inside,1Fam,5,1872,1987,MetalSd,0.0,684.0,122000.0
90,RL,11643,Inside,Duplex,5,1969,1969,MetalSd,0.0,1248.0,200000.0
60,RL,9247,Inside,1Fam,6,1962,1962,HdBoard,0.0,858.0,171000.0
50,RM,6000,Inside,1Fam,9,1937,2000,MetalSd,0.0,698.0,134900.0
50,RL,14720,CulDSac,1Fam,5,1995,1996,VinylSd,0.0,2033.0,410000.0
60,RL,10316,Inside,1Fam,5,2000,2000,VinylSd,0.0,992.0,235000.0
80,RL,10192,Inside,1Fam,6,1968,1992,MetalSd,0.0,570.0,170000.0
20,RL,9477,Corner,1Fam,5,1966,1966,HdBoard,0.0,864.0,110000.0
20,RL,12537,CulDSac,1Fam,6,1971,2008,VinylSd,0.0,1078.0,149900.0
160,FV,2117,Inside,Twnhs,5,2000,2000,MetalSd,0.0,756.0,177500.0
20,RL,16737,FR3,1Fam,5,2004,2005,VinylSd,0.0,1980.0,315000.0
70,RL,9842,Inside,1Fam,6,1921,1998,MetalSd,0.0,612.0,189000.0
20,RL,16158,Inside,1Fam,5,2005,2005,VinylSd,0.0,1530.0,260000.0
50,RL,12513,FR2,1Fam,4,1920,2007,VinylSd,0.0,715.0,104900.0
60,RL,8499,Inside,1Fam,5,2006,2007,VinylSd,0.0,616.0,156932.0
160,FV,3180,Inside,TwnhsE,5,2005,2005,MetalSd,0.0,600.0,144152.0
60,FV,7500,Inside,1Fam,5,2000,2000,VinylSd,0.0,814.0,216000.0
60,RL,9179,Inside,1Fam,5,1999,1999,VinylSd,0.0,873.0,193000.0
160,RM,2665,Inside,TwnhsE,6,1977,1977,CemntBd,173.0,757.0,127000.0
120,RM,4435,Inside,TwnhsE,5,2003,2004,VinylSd,0.0,848.0,144000.0
20,RL,10635,FR2,1Fam,5,2003,2003,VinylSd,972.0,1657.0,232000.0
50,RL,5400,Corner,1Fam,6,1920,1950,CBlock,105.0,840.0,105000.0
80,RL,9600,Inside,1Fam,6,1955,1996,AsbShng,0.0,992.0,165500.0
60,RL,9750,Corner,1Fam,6,1998,1998,VinylSd,0.0,1108.0,274300.0
20,RL,11400,Inside,1Fam,5,2001,2002,VinylSd,0.0,2633.0,466500.0
60,FV,10625,Inside,1Fam,5,2005,2005,CemntBd,0.0,1026.0,250000.0
20,RL,10991,Inside,1Fam,5,2007,2007,VinylSd,0.0,1571.0,239000.0
30,RL,6292,Inside,1Fam,5,1930,1950,Wd Sdng,0.0,768.0,91000.0
50,RL,10998,Inside,1Fam,5,1941,1960,Wd Sdng,420.0,984.0,117000.0
160,RM,1953,Inside,Twnhs,5,1973,1973,HdBoard,0.0,483.0,83000.0
80,RL,9735,Inside,1Fam,5,2006,2007,VinylSd,0.0,384.0,167500.0
30,RL,8212,Inside,1Fam,3,1914,1950,Stucco,0.0,864.0,58500.0
20,RL,12925,Corner,1Fam,7,1970,1970,BrkFace,0.0,1205.0,237500.0
70,RM,7200,Corner,1Fam,7,1920,1950,Wd Sdng,0.0,596.0,157000.0
30,RL,25339,Inside,1Fam,7,1918,2007,Wd Sdng,0.0,816.0,112000.0
50,RL,9060,Inside,1Fam,5,1939,1950,WdShing,0.0,560.0,105000.0
50,RM,5436,Inside,1Fam,8,1922,2007,VinylSd,0.0,796.0,125500.0
60,RL,16692,Inside,1Fam,5,1978,1978,Plywood,469.0,1392.0,250000.0
50,RM,8520,Inside,1Fam,7,1916,1950,Stucco,546.0,714.0,136000.0
20,RL,14892,CulDSac,1Fam,5,2006,2007,VinylSd,0.0,1746.0,377500.0
50,RM,6000,Inside,1Fam,6,1941,1950,Wd Sdng,0.0,735.0,131000.0
20,RL,9100,Inside,1Fam,5,2000,2000,VinylSd,0.0,1525.0,235000.0
90,RL,8944,Inside,Duplex,5,1967,1967,Plywood,0.0,1584.0,124000.0
85,RL,7838,Inside,1Fam,5,1967,1967,HdBoard,0.0,864.0,123000.0
190,RM,10800,Inside,2fmCon,7,1905,2000,Wd Sdng,0.0,482.0,163000.0
120,RL,4045,Inside,TwnhsE,5,2006,2006,VinylSd,0.0,1356.0,246578.0
60,RL,12665,Inside,1Fam,5,2005,2006,VinylSd,0.0,1094.0,281213.0
20,RL,57200,Inside,1Fam,5,1948,1950,Wd Sdng,334.0,747.0,160000.0
70,RM,6120,Inside,1Fam,8,1920,2004,MetalSd,0.0,939.0,137500.0
50,RL,7200,Inside,1Fam,4,1950,1982,VinylSd,352.0,1208.0,138000.0
50,RL,6171,Inside,1Fam,6,1925,1990,WdShing,0.0,976.0,137450.0
50,RM,6000,Corner,1Fam,7,1929,1950,WdShing,0.0,862.0,120000.0
60,RL,7415,Inside,1Fam,5,2004,2004,VinylSd,0.0,839.0,193000.0
20,RL,6762,Inside,1Fam,5,2006,2006,VinylSd,0.0,1286.0,193879.0
20,RL,15256,CulDSac,1Fam,5,2007,2007,VinylSd,0.0,1485.0,282922.0
50,RL,10410,Corner,1Fam,4,1915,1950,Wd Sdng,0.0,672.0,105000.0
120,RM,3842,Inside,TwnhsE,5,2004,2005,CemntBd,0.0,1594.0,275000.0
85,RL,8445,Corner,1Fam,7,1972,2007,HdBoard,0.0,768.0,133000.0
20,RL,8780,Corner,1Fam,5,1985,1985,HdBoard,0.0,833.0,112000.0
70,RM,7740,Inside,1Fam,7,1910,1950,VinylSd,0.0,622.0,125500.0
60,RL,20544,CulDSac,1Fam,6,1986,1991,Plywood,0.0,791.0,215000.0
60,RL,12420,Inside,1Fam,5,2001,2001,VinylSd,0.0,944.0,230000.0
50,RL,9600,Inside,1Fam,8,1950,2005,VinylSd,0.0,856.0,140000.0
90,RL,7200,Inside,Duplex,5,1949,1950,BrkFace,0.0,0.0,90000.0
20,RL,10994,Corner,1Fam,5,2005,2006,VinylSd,0.0,1844.0,257000.0
50,RL,13053,Inside,1Fam,7,1923,2000,Wd Sdng,0.0,833.0,207000.0
120,RL,3635,Inside,TwnhsE,5,2007,2007,VinylSd,0.0,1386.0,175900.0
190,RM,11340,Inside,2fmCon,6,1885,1950,VinylSd,0.0,777.0,122500.0
60,RL,16545,Inside,1Fam,5,1998,1998,VinylSd,0.0,1284.0,340000.0
20,RL,9204,Inside,1Fam,5,1963,1963,HdBoard,872.0,1144.0,124000.0
20,RL,16381,Inside,1Fam,5,1969,1969,Plywood,0.0,1844.0,223000.0
60,RL,11700,Corner,1Fam,6,1968,1968,HdBoard,0.0,708.0,179900.0
120,RL,4043,Inside,TwnhsE,5,1977,1977,Plywood,0.0,1069.0,127500.0
120,RM,4435,Inside,TwnhsE,5,2003,2003,VinylSd,0.0,848.0,136500.0
80,RL,19690,CulDSac,1Fam,7,1966,1966,Plywood,0.0,697.0,274970.0
20,RL,9503,Inside,1Fam,5,1958,1983,HdBoard,374.0,1024.0,144000.0
20,RL,10721,Inside,1Fam,6,1959,1959,HdBoard,0.0,1252.0,142000.0
60,RL,10944,Inside,1Fam,5,1994,1994,VinylSd,0.0,1223.0,271000.0
50,RL,10930,Inside,1Fam,6,1945,1950,MetalSd,0.0,913.0,140000.0
30,RM,7200,Corner,1Fam,7,1940,1992,MetalSd,0.0,788.0,119000.0
20,RL,12546,Corner,1Fam,7,1981,1981,MetalSd,0.0,1440.0,182900.0
60,RL,21930,Inside,1Fam,5,2005,2005,VinylSd,0.0,732.0,192140.0
120,RL,4928,Inside,TwnhsE,6,1976,1976,Plywood,0.0,958.0,143750.0
30,RL,10800,Inside,1Fam,6,1927,2007,Wd Sdng,0.0,656.0,64500.0
60,RL,10261,Inside,1Fam,5,2000,2000,VinylSd,0.0,936.0,186500.0
20,RL,17400,Inside,1Fam,5,1977,1977,BrkFace,0.0,1126.0,160000.0
20,RL,8400,Inside,1Fam,9,1962,2005,Wd Sdng,0.0,1319.0,174000.0
20,RL,9000,FR2,1Fam,6,1971,1971,HdBoard,0.0,864.0,120500.0
20,RL,12444,FR2,1Fam,5,2008,2008,VinylSd,0.0,1932.0,394617.0
20,RM,7407,Inside,1Fam,7,1957,1996,MetalSd,0.0,912.0,149700.0
60,RL,11584,Inside,1Fam,6,1979,1979,HdBoard,110.0,539.0,197000.0
70,RL,11526,Inside,1Fam,7,1922,1994,MetalSd,0.0,588.0,191000.0
120,RM,4426,Inside,TwnhsE,5,2004,2004,VinylSd,0.0,848.0,149300.0
60,FV,11003,Inside,1Fam,5,2008,2008,VinylSd,0.0,1017.0,310000.0
30,RL,8854,Inside,1Fam,6,1916,1950,Wd Sdng,0.0,952.0,121000.0
20,RL,8500,FR2,1Fam,5,2004,2004,VinylSd,0.0,1422.0,179600.0
85,RL,8400,Inside,1Fam,5,1966,1966,VinylSd,627.0,814.0,129000.0
20,RL,26142,CulDSac,1Fam,7,1962,1962,HdBoard,0.0,1188.0,157900.0
60,RL,10000,Inside,1Fam,5,1995,1996,VinylSd,0.0,1220.0,240000.0
50,RL,11767,Inside,1Fam,7,1910,2000,MetalSd,0.0,560.0,112000.0
180,RM,1533,Inside,Twnhs,7,1970,1970,CemntBd,0.0,630.0,92000.0
90,RL,9000,FR2,Duplex,5,1974,1974,VinylSd,0.0,896.0,136000.0
20,RL,9262,Inside,1Fam,5,2008,2009,CemntBd,0.0,1573.0,287090.0
180,RM,3675,Inside,TwnhsE,5,2005,2005,VinylSd,0.0,547.0,145000.0
20,RL,17217,Inside,1Fam,5,2006,2006,VinylSd,0.0,1140.0,84500.0
20,FV,7500,Inside,1Fam,5,2004,2005,VinylSd,0.0,1221.0,185000.0
60,RL,7917,Inside,1Fam,5,1999,2000,VinylSd,0.0,953.0,175000.0
20,RL,13175,Inside,1Fam,6,1978,1988,Plywood,163.0,1542.0,210000.0
70,RL,9042,Inside,1Fam,9,1941,2006,CemntBd,0.0,1152.0,266500.0
20,RL,9717,Inside,1Fam,6,1950,1996,MetalSd,1029.0,1078.0,142125.0
20,RL,9937,Inside,1Fam,6,1965,1965,HdBoard,290.0,1256.0,147500.0
